-- MySQL dump 10.13  Distrib 5.5.43, for debian-linux-gnu (x86_64)
--
-- Host: localhost    Database: spaza
-- ------------------------------------------------------
-- Server version	5.5.43-0ubuntu0.14.04.1

/*!40101 SET @OLD_CHARACTER_SET_CLIENT=@@CHARACTER_SET_CLIENT */;
/*!40101 SET @OLD_CHARACTER_SET_RESULTS=@@CHARACTER_SET_RESULTS */;
/*!40101 SET @OLD_COLLATION_CONNECTION=@@COLLATION_CONNECTION */;
/*!40101 SET NAMES utf8 */;
/*!40103 SET @OLD_TIME_ZONE=@@TIME_ZONE */;
/*!40103 SET TIME_ZONE='+00:00' */;
/*!40014 SET @OLD_UNIQUE_CHECKS=@@UNIQUE_CHECKS, UNIQUE_CHECKS=0 */;
/*!40014 SET @OLD_FOREIGN_KEY_CHECKS=@@FOREIGN_KEY_CHECKS, FOREIGN_KEY_CHECKS=0 */;
/*!40101 SET @OLD_SQL_MODE=@@SQL_MODE, SQL_MODE='NO_AUTO_VALUE_ON_ZERO' */;
/*!40111 SET @OLD_SQL_NOTES=@@SQL_NOTES, SQL_NOTES=0 */;

--
-- Table structure for table `categories`
--

DROP TABLE IF EXISTS `categories`;
/*!40101 SET @saved_cs_client     = @@character_set_client */;
/*!40101 SET character_set_client = utf8 */;
CREATE TABLE `categories` (
  `id` int(11) NOT NULL AUTO_INCREMENT,
  `name` varchar(20) DEFAULT NULL,
  PRIMARY KEY (`id`)
) ENGINE=InnoDB AUTO_INCREMENT=30 DEFAULT CHARSET=latin1;
/*!40101 SET character_set_client = @saved_cs_client */;

--
-- Dumping data for table `categories`
--

LOCK TABLES `categories` WRITE;
/*!40000 ALTER TABLE `categories` DISABLE KEYS */;
INSERT INTO `categories` VALUES (20,'Bakery'),(21,'Bulk'),(22,'Confectionary'),(23,'Cosmetics'),(24,'Fruits'),(25,'Cold Beverages'),(26,'Canned Food'),(27,'Valentines Goodies'),(28,'Soup'),(29,'Dairy Products');
/*!40000 ALTER TABLE `categories` ENABLE KEYS */;
UNLOCK TABLES;

--
-- Table structure for table `products`
--

DROP TABLE IF EXISTS `products`;
/*!40101 SET @saved_cs_client     = @@character_set_client */;
/*!40101 SET character_set_client = utf8 */;
CREATE TABLE `products` (
  `id` int(11) NOT NULL AUTO_INCREMENT,
  `name` varchar(20) DEFAULT NULL,
  `cat_id` int(11) DEFAULT NULL,
  PRIMARY KEY (`id`),
  KEY `cat_id` (`cat_id`),
  CONSTRAINT `products_ibfk_1` FOREIGN KEY (`cat_id`) REFERENCES `categories` (`id`)
) ENGINE=InnoDB AUTO_INCREMENT=19 DEFAULT CHARSET=latin1;
/*!40101 SET character_set_client = @saved_cs_client */;

--
-- Dumping data for table `products`
--

LOCK TABLES `products` WRITE;
/*!40000 ALTER TABLE `products` DISABLE KEYS */;
INSERT INTO `products` VALUES (1,'Milk 1l',29),(2,'Imasi',29),(3,'Bread',20),(4,'Chakalaka Can',26),(5,'Gold Dish Vegetable ',26),(6,'Fanta 500ml',25),(7,'Coke 500ml',25),(8,'Cream Soda 500ml',25),(9,'Iwisa Pap 5kg',21),(10,'Top Class Soy Mince',28),(11,'Shampoo 1 litre',23),(12,'Soap Bar',23),(13,'Bananas-loose',24),(14,'Apples-loose',24),(15,'Mixed sweets 5s',22),(16,'Heart Chocolate',22),(17,'Rose (plastic)',27),(18,'Valentine Cards',27);
/*!40000 ALTER TABLE `products` ENABLE KEYS */;
UNLOCK TABLES;

--
-- Table structure for table `purchases`
--

DROP TABLE IF EXISTS `purchases`;
/*!40101 SET @saved_cs_client     = @@character_set_client */;
/*!40101 SET character_set_client = utf8 */;
CREATE TABLE `purchases` (
  `id` int(11) NOT NULL AUTO_INCREMENT,
  `sales_price` decimal(10,0) NOT NULL,
  `day` varchar(20) DEFAULT NULL,
  `date` date DEFAULT NULL,
  `item` varchar(20) DEFAULT NULL,
  `qty` int(11) DEFAULT NULL,
  `prod_id` int(11) DEFAULT NULL,
  PRIMARY KEY (`id`),
  KEY `prod_id` (`prod_id`),
  CONSTRAINT `purchases_ibfk_1` FOREIGN KEY (`prod_id`) REFERENCES `products` (`id`)
) ENGINE=InnoDB AUTO_INCREMENT=357 DEFAULT CHARSET=latin1;
/*!40101 SET character_set_client = @saved_cs_client */;

--
-- Dumping data for table `purchases`
--

LOCK TABLES `purchases` WRITE;
/*!40000 ALTER TABLE `purchases` DISABLE KEYS */;
INSERT INTO `purchases` VALUES (1,10,'Sunday','2015-02-01','Milk 1l',3,1),(2,25,'Sunday','2015-02-01','Imasi',1,2),(3,12,'Sunday','2015-02-01','Bread',2,3),(4,10,'Sunday','2015-02-01','Chakalaka Can',3,4),(5,7,'Sunday','2015-02-01','Fanta 500ml',3,6),(6,7,'Sunday','2015-02-01','Coke 500ml',2,7),(7,8,'Sunday','2015-02-01','Cream Soda 500ml',2,8),(8,30,'Sunday','2015-02-01','Iwisa Pap 5kg',0,9),(9,12,'Sunday','2015-02-01','Top Class Soy Mince',2,10),(10,30,'Sunday','2015-02-01','Shampoo 1 litre',1,11),(11,6,'Sunday','2015-02-01','Soap Bar',0,12),(12,3,'Sunday','2015-02-01','Mixed Sweets 5s',9,15),(13,10,'Monday','2015-02-02','Milk 1l',4,1),(14,25,'Monday','2015-02-02','Imasi',4,2),(15,12,'Monday','2015-02-02','Bread',5,3),(16,10,'Monday','2015-02-02','Chakalaka Can',4,4),(17,7,'Monday','2015-02-02','Fanta 500ml',5,6),(18,7,'Monday','2015-02-02','Coke 500ml',8,7),(19,8,'Monday','2015-02-02','Cream Soda 500ml',4,8),(20,30,'Monday','2015-02-02','Iwisa Pap 5kg',5,9),(21,12,'Monday','2015-02-02','Top Class Soy Mince',3,10),(22,30,'Monday','2015-02-02','Shampoo 1 litre',0,11),(23,6,'Monday','2015-02-02','Soap Bar',2,12),(24,3,'Monday','2015-02-02','Mixed Sweets 5s',0,15),(25,10,'Tuesday','2015-02-03','Milk 1l',7,1),(26,25,'Tuesday','2015-02-03','Imasi',4,2),(27,12,'Tuesday','2015-02-03','Bread',7,3),(28,10,'Tuesday','2015-02-03','Chakalaka Can',4,4),(29,7,'Tuesday','2015-02-03','Fanta 500ml',5,6),(30,7,'Tuesday','2015-02-03','Coke 500ml',8,7),(31,8,'Tuesday','2015-02-03','Cream Soda 500ml',3,8),(32,30,'Tuesday','2015-02-03','Iwisa Pap 5kg',3,9),(33,12,'Tuesday','2015-02-03','Top Class Soy Mince',3,10),(34,30,'Tuesday','2015-02-03','Shampoo 1 litre',0,11),(35,6,'Tuesday','2015-02-03','Soap Bar',2,12),(36,2,'Tuesday','2015-02-03','Mixed Sweets 5s',15,15),(37,10,'Wednesday','2015-02-04','Milk 1l',5,1),(38,25,'Wednesday','2015-02-04','Imasi',8,2),(39,12,'Wednesday','2015-02-04','Bread',8,3),(40,10,'Wednesday','2015-02-04','Chakalaka Can',2,4),(41,7,'Wednesday','2015-02-04','Fanta 500ml',7,6),(42,7,'Wednesday','2015-02-04','Coke 500ml',12,7),(43,8,'Wednesday','2015-02-04','Cream Soda 500ml',2,8),(44,30,'Wednesday','2015-02-04','Iwisa Pap 5kg',1,9),(45,12,'Wednesday','2015-02-04','Top Class Soy Mince',4,10),(46,30,'Wednesday','2015-02-04','Shampoo 1 litre',1,11),(47,6,'Wednesday','2015-02-04','Soap Bar',3,12),(48,2,'Wednesday','2015-02-04','Mixed Sweets 5s',12,15),(49,10,'Thursday','2015-02-05','Milk 1l',10,1),(50,25,'Thursday','2015-02-05','Imasi',3,2),(51,12,'Thursday','2015-02-05','Bread',12,3),(52,10,'Thursday','2015-02-05','Chakalaka Can',3,4),(53,7,'Thursday','2015-02-05','Fanta 500ml',3,6),(54,7,'Thursday','2015-02-05','Coke 500ml',9,7),(55,8,'Thursday','2015-02-05','Cream Soda 500ml',8,8),(56,30,'Thursday','2015-02-05','Iwisa Pap 5kg',2,9),(57,12,'Thursday','2015-02-05','Top Class Soy Mince',1,10),(58,30,'Thursday','2015-02-05','Shampoo 1 litre',0,11),(59,6,'Thursday','2015-02-05','Soap Bar',1,12),(60,3,'Thursday','2015-02-05','Mixed Sweets 5s',5,15),(61,10,'Friday','2015-02-06','Milk 1l',6,1),(62,25,'Friday','2015-02-06','Imasi',4,2),(63,12,'Friday','2015-02-06','Bread',7,3),(64,10,'Friday','2015-02-06','Chakalaka Can',5,4),(65,7,'Friday','2015-02-06','Fanta 500ml',7,6),(66,7,'Friday','2015-02-06','Coke 500ml',8,7),(67,8,'Friday','2015-02-06','Cream Soda 500ml',3,8),(68,30,'Friday','2015-02-06','Iwisa Pap 5kg',6,9),(69,12,'Friday','2015-02-06','Top Class Soy Mince',8,10),(70,30,'Friday','2015-02-06','Shampoo 1 litre',1,11),(71,6,'Friday','2015-02-06','Soap Bar',3,12),(72,3,'Friday','2015-02-06','Mixed Sweets 5s',5,15),(73,10,'Saturday','2015-02-07','Milk 1l',4,1),(74,25,'Saturday','2015-02-07','Imasi',6,2),(75,12,'Saturday','2015-02-07','Bread',4,3),(76,10,'Saturday','2015-02-07','Chakalaka Can',2,4),(77,7,'Saturday','2015-02-07','Fanta 500ml',3,6),(78,7,'Saturday','2015-02-07','Coke 500ml',7,7),(79,8,'Saturday','2015-02-07','Cream Soda 500ml',0,8),(80,30,'Saturday','2015-02-07','Iwisa Pap 5kg',0,9),(81,12,'Saturday','2015-02-07','Top Class Soy Mince',1,10),(82,30,'Saturday','2015-02-07','Shampoo 1 litre',0,11),(83,6,'Saturday','2015-02-07','Soap Bar',1,12),(84,3,'Saturday','2015-02-07','Mixed Sweets 5s',3,15),(85,10,'Sunday','2015-02-08','Milk 1l',0,1),(86,25,'Sunday','2015-02-08','Imasi',2,2),(87,12,'Sunday','2015-02-08','Bread',2,3),(88,10,'Sunday','2015-02-08','Chakalaka Can',1,4),(89,7,'Sunday','2015-02-08','Fanta 500ml',4,6),(90,7,'Sunday','2015-02-08','Coke 500ml',4,7),(91,8,'Sunday','2015-02-08','Cream Soda 500ml',1,8),(92,30,'Sunday','2015-02-08','Iwisa Pap 5kg',1,9),(93,12,'Sunday','2015-02-08','Top Class Soy Mince',2,10),(94,30,'Sunday','2015-02-08','Shampoo 1 litre',0,11),(95,6,'Sunday','2015-02-08','Soap Bar',1,12),(96,3,'Sunday','2015-02-08','Mixed Sweets 5s',9,15),(97,10,'Monday','2015-02-09','Milk 1l',3,1),(98,25,'Monday','2015-02-09','Imasi',6,2),(99,12,'Monday','2015-02-09','Bread',7,3),(100,10,'Monday','2015-02-09','Chakalaka Can',5,4),(101,7,'Monday','2015-02-09','Fanta 500ml',3,6),(102,7,'Monday','2015-02-09','Coke 500ml',8,7),(103,8,'Monday','2015-02-09','Cream Soda 500ml',5,8),(104,30,'Monday','2015-02-09','Iwisa Pap 5kg',2,9),(105,12,'Monday','2015-02-09','Top Class Soy Mince',1,10),(106,30,'Monday','2015-02-09','Shampoo 1 litre',0,11),(107,6,'Monday','2015-02-09','Soap Bar',0,12),(108,3,'Monday','2015-02-09','Mixed Sweets 5s',3,15),(109,10,'Tuesday','2015-02-10','Milk 1l',5,1),(110,25,'Tuesday','2015-02-10','Imasi',4,2),(111,12,'Tuesday','2015-02-10','Bread',2,3),(112,10,'Tuesday','2015-02-10','Chakalaka Can',0,4),(113,7,'Tuesday','2015-02-10','Fanta 500ml',1,6),(114,7,'Tuesday','2015-02-10','Coke 500ml',3,7),(115,8,'Tuesday','2015-02-10','Cream Soda 500ml',2,8),(116,30,'Tuesday','2015-02-10','Iwisa Pap 5kg',1,9),(117,12,'Tuesday','2015-02-10','Top Class Soy Mince',3,10),(118,30,'Tuesday','2015-02-10','Shampoo 1 litre',1,11),(119,6,'Tuesday','2015-02-10','Soap Bar',0,12),(120,2,'Tuesday','2015-02-10','Mixed Sweets 5s',7,15),(121,15,'Tuesday','2015-02-10','Rose (plastic)',1,17),(122,10,'Wednesday','2015-02-11','Milk 1l',5,1),(123,25,'Wednesday','2015-02-11','Imasi',4,2),(124,12,'Wednesday','2015-02-11','Bread',3,3),(125,10,'Wednesday','2015-02-11','Chakalaka Can',2,4),(126,7,'Wednesday','2015-02-11','Fanta 500ml',2,6),(127,7,'Wednesday','2015-02-11','Coke 500ml',3,7),(128,8,'Wednesday','2015-02-11','Cream Soda 500ml',1,8),(129,30,'Wednesday','2015-02-11','Iwisa Pap 5kg',0,9),(130,12,'Wednesday','2015-02-11','Top Class Soy Mince',2,10),(131,30,'Wednesday','2015-02-11','Shampoo 1 litre',1,11),(132,6,'Wednesday','2015-02-11','Soap Bar',0,12),(133,2,'Wednesday','2015-02-11','Mixed Sweets 5s',8,15),(134,15,'Wednesday','2015-02-11','Rose (plastic)',3,17),(135,10,'Thursday','2015-02-12','Milk 1l',3,1),(136,25,'Thursday','2015-02-12','Imasi',9,2),(137,12,'Thursday','2015-02-12','Bread',2,3),(138,10,'Thursday','2015-02-12','Chakalaka Can',3,4),(139,7,'Thursday','2015-02-12','Fanta 500ml',0,6),(140,7,'Thursday','2015-02-12','Coke 500ml',2,7),(141,8,'Thursday','2015-02-12','Cream Soda 500ml',1,8),(142,30,'Thursday','2015-02-12','Iwisa Pap 5kg',0,9),(143,12,'Thursday','2015-02-12','Top Class Soy Mince',2,10),(144,30,'Thursday','2015-02-12','Shampoo 1 litre',0,11),(145,6,'Thursday','2015-02-12','Soap Bar',2,12),(146,3,'Thursday','2015-02-12','Mixed Sweets 5s',3,15),(147,4,'Thursday','2015-02-12','Valentine Cards',6,18),(148,15,'Thursday','2015-02-12','Rose (plastic)',2,17),(149,10,'Friday','2015-02-13','Milk 1l',6,1),(150,25,'Friday','2015-02-13','Imasi',6,2),(151,12,'Friday','2015-02-13','Bread',5,3),(152,10,'Friday','2015-02-13','Chakalaka Can',7,4),(153,7,'Friday','2015-02-13','Fanta 500ml',6,6),(154,7,'Friday','2015-02-13','Coke 500ml',8,7),(155,8,'Friday','2015-02-13','Cream Soda 500ml',4,8),(156,30,'Friday','2015-02-13','Iwisa Pap 5kg',3,9),(157,12,'Friday','2015-02-13','Top Class Soy Mince',4,10),(158,30,'Friday','2015-02-13','Shampoo 1 litre',4,11),(159,6,'Friday','2015-02-13','Soap Bar',2,12),(160,3,'Friday','2015-02-13','Mixed Sweets 5s',6,15),(161,4,'Friday','2015-02-13','Valentine Cards',5,18),(162,15,'Friday','2015-02-13','Rose (plastic)',7,17),(163,10,'Saturday','2015-02-14','Milk 1l',6,1),(164,25,'Saturday','2015-02-14','Imasi',5,2),(165,12,'Saturday','2015-02-14','Bread',7,3),(166,10,'Saturday','2015-02-14','Chakalaka Can',3,4),(167,7,'Saturday','2015-02-14','Fanta 500ml',7,6),(168,7,'Saturday','2015-02-14','Coke 500ml',14,7),(169,8,'Saturday','2015-02-14','Cream Soda 500ml',8,8),(170,30,'Saturday','2015-02-14','Iwisa Pap 5kg',3,9),(171,12,'Saturday','2015-02-14','Top Class Soy Mince',7,10),(172,30,'Saturday','2015-02-14','Shampoo 1 litre',0,11),(173,6,'Saturday','2015-02-14','Soap Bar',0,12),(174,3,'Saturday','2015-02-14','Mixed Sweets 5s',18,15),(175,4,'Saturday','2015-02-14','Valentine Cards',3,18),(176,15,'Saturday','2015-02-14','Rose (plastic)',1,17),(177,10,'Sunday','2015-02-15','Milk 1l',2,1),(178,25,'Sunday','2015-02-15','Imasi',2,2),(179,12,'Sunday','2015-02-15','Bread',1,3),(180,10,'Sunday','2015-02-15','Chakalaka Can',3,4),(181,7,'Sunday','2015-02-15','Fanta 500ml',5,6),(182,7,'Sunday','2015-02-15','Coke 500ml',4,7),(183,8,'Sunday','2015-02-15','Cream Soda 500ml',2,8),(184,30,'Sunday','2015-02-15','Iwisa Pap 5kg',0,9),(185,12,'Sunday','2015-02-15','Top Class Soy Mince',1,10),(186,30,'Sunday','2015-02-15','Shampoo 1 litre',0,11),(187,6,'Sunday','2015-02-15','Soap Bar',1,12),(188,3,'Sunday','2015-02-15','Mixed Sweets 5s',3,15),(189,10,'Monday','2015-02-16','Milk 1l',7,1),(190,25,'Monday','2015-02-16','Imasi',6,2),(191,12,'Monday','2015-02-16','Bread',4,3),(192,10,'Monday','2015-02-16','Chakalaka Can',3,4),(193,7,'Monday','2015-02-16','Fanta 500ml',2,6),(194,7,'Monday','2015-02-16','Coke 500ml',1,7),(195,8,'Monday','2015-02-16','Cream Soda 500ml',2,8),(196,30,'Monday','2015-02-16','Iwisa Pap 5kg',2,9),(197,12,'Monday','2015-02-16','Top Class Soy Mince',1,10),(198,30,'Monday','2015-02-16','Shampoo 1 litre',0,11),(199,6,'Monday','2015-02-16','Soap Bar',2,12),(200,3,'Monday','2015-02-16','Mixed Sweets 5s',5,15),(201,10,'Tuesday','2015-02-17','Milk 1l',8,1),(202,25,'Tuesday','2015-02-17','Imasi',6,2),(203,12,'Tuesday','2015-02-17','Bread',3,3),(204,10,'Tuesday','2015-02-17','Chakalaka Can',0,4),(205,7,'Tuesday','2015-02-17','Fanta 500ml',0,6),(206,7,'Tuesday','2015-02-17','Coke 500ml',2,7),(207,8,'Tuesday','2015-02-17','Cream Soda 500ml',0,8),(208,30,'Tuesday','2015-02-17','Iwisa Pap 5kg',1,9),(209,12,'Tuesday','2015-02-17','Top Class Soy Mince',2,10),(210,30,'Tuesday','2015-02-17','Shampoo 1 litre',0,11),(211,6,'Tuesday','2015-02-17','Soap Bar',1,12),(212,2,'Tuesday','2015-02-17','Mixed Sweets 5s',5,15),(213,10,'Wednesday','2015-02-18','Milk 1l',3,1),(214,25,'Wednesday','2015-02-18','Imasi',5,2),(215,12,'Wednesday','2015-02-18','Bread',5,3),(216,10,'Wednesday','2015-02-18','Chakalaka Can',1,4),(217,7,'Wednesday','2015-02-18','Fanta 500ml',0,6),(218,7,'Wednesday','2015-02-18','Coke 500ml',3,7),(219,8,'Wednesday','2015-02-18','Cream Soda 500ml',2,8),(220,30,'Wednesday','2015-02-18','Iwisa Pap 5kg',1,9),(221,12,'Wednesday','2015-02-18','Top Class Soy Mince',1,10),(222,30,'Wednesday','2015-02-18','Shampoo 1 litre',1,11),(223,6,'Wednesday','2015-02-18','Soap Bar',1,12),(224,2,'Wednesday','2015-02-18','Mixed Sweets 5s',2,15),(225,10,'Thursday','2015-02-19','Milk 1l',5,1),(226,25,'Thursday','2015-02-19','Imasi',3,2),(227,12,'Thursday','2015-02-19','Bread',5,3),(228,10,'Thursday','2015-02-19','Chakalaka Can',2,4),(229,7,'Thursday','2015-02-19','Fanta 500ml',1,6),(230,7,'Thursday','2015-02-19','Coke 500ml',1,7),(231,8,'Thursday','2015-02-19','Cream Soda 500ml',0,8),(232,30,'Thursday','2015-02-19','Iwisa Pap 5kg',0,9),(233,12,'Thursday','2015-02-19','Top Class Soy Mince',2,10),(234,30,'Thursday','2015-02-19','Shampoo 1 litre',2,11),(235,6,'Thursday','2015-02-19','Soap Bar',0,12),(236,3,'Thursday','2015-02-19','Mixed Sweets 5s',4,15),(237,10,'Friday','2015-02-20','Milk 1l',4,1),(238,25,'Friday','2015-02-20','Imasi',2,2),(239,12,'Friday','2015-02-20','Bread',3,3),(240,10,'Friday','2015-02-20','Chakalaka Can',5,4),(241,7,'Friday','2015-02-20','Fanta 500ml',3,6),(242,7,'Friday','2015-02-20','Coke 500ml',5,7),(243,8,'Friday','2015-02-20','Cream Soda 500ml',6,8),(244,30,'Friday','2015-02-20','Iwisa Pap 5kg',0,9),(245,12,'Friday','2015-02-20','Top Class Soy Mince',3,10),(246,30,'Friday','2015-02-20','Shampoo 1 litre',1,11),(247,6,'Friday','2015-02-20','Soap Bar',3,12),(248,3,'Friday','2015-02-20','Mixed Sweets 5s',8,15),(249,10,'Saturday','2015-02-21','Milk 1l',1,1),(250,25,'Saturday','2015-02-21','Imasi',1,2),(251,12,'Saturday','2015-02-21','Bread',3,3),(252,10,'Saturday','2015-02-21','Chakalaka Can',3,4),(253,7,'Saturday','2015-02-21','Fanta 500ml',3,6),(254,7,'Saturday','2015-02-21','Coke 500ml',2,7),(255,8,'Saturday','2015-02-21','Cream Soda 500ml',0,8),(256,30,'Saturday','2015-02-21','Iwisa Pap 5kg',0,9),(257,12,'Saturday','2015-02-21','Top Class Soy Mince',2,10),(258,30,'Saturday','2015-02-21','Shampoo 1 litre',0,11),(259,6,'Saturday','2015-02-21','Soap Bar',0,12),(260,3,'Saturday','2015-02-21','Mixed Sweets 5s',2,15),(261,10,'Sunday','2015-02-22','Milk 1l',2,1),(262,25,'Sunday','2015-02-22','Imasi',2,2),(263,12,'Sunday','2015-02-22','Bread',3,3),(264,10,'Sunday','2015-02-22','Chakalaka Can',0,4),(265,7,'Sunday','2015-02-22','Fanta 500ml',2,6),(266,7,'Sunday','2015-02-22','Coke 500ml',0,7),(267,8,'Sunday','2015-02-22','Cream Soda 500ml',0,8),(268,30,'Sunday','2015-02-22','Iwisa Pap 5kg',0,9),(269,12,'Sunday','2015-02-22','Top Class Soy Mince',0,10),(270,30,'Sunday','2015-02-22','Shampoo 1 litre',0,11),(271,6,'Sunday','2015-02-22','Soap Bar',1,12),(272,3,'Sunday','2015-02-22','Mixed Sweets 5s',3,15),(273,10,'Monday','2015-02-23','Milk 1l',8,1),(274,25,'Monday','2015-02-23','Imasi',6,2),(275,12,'Monday','2015-02-23','Bread',2,3),(276,10,'Monday','2015-02-23','Chakalaka Can',2,4),(277,7,'Monday','2015-02-23','Fanta 500ml',1,6),(278,7,'Monday','2015-02-23','Coke 500ml',3,7),(279,8,'Monday','2015-02-23','Cream Soda 500ml',0,8),(280,30,'Monday','2015-02-23','Iwisa Pap 5kg',2,9),(281,12,'Monday','2015-02-23','Top Class Soy Mince',1,10),(282,30,'Monday','2015-02-23','Shampoo 1 litre',0,11),(283,6,'Monday','2015-02-23','Soap Bar',0,12),(284,3,'Monday','2015-02-23','Mixed Sweets 5s',3,15),(285,10,'Tuesday','2015-02-24','Milk 1l',4,1),(286,25,'Tuesday','2015-02-24','Imasi',2,2),(287,12,'Tuesday','2015-02-24','Bread',6,3),(288,10,'Tuesday','2015-02-24','Chakalaka Can',1,4),(289,7,'Tuesday','2015-02-24','Fanta 500ml',1,6),(290,7,'Tuesday','2015-02-24','Coke 500ml',2,7),(291,8,'Tuesday','2015-02-24','Cream Soda 500ml',1,8),(292,30,'Tuesday','2015-02-24','Iwisa Pap 5kg',1,9),(293,12,'Tuesday','2015-02-24','Top Class Soy Mince',2,10),(294,30,'Tuesday','2015-02-24','Shampoo 1 litre',0,11),(295,6,'Tuesday','2015-02-24','Soap Bar',1,12),(296,2,'Tuesday','2015-02-24','Mixed Sweets 5s',7,15),(297,10,'Wednesday','2015-02-25','Milk 1l',8,1),(298,25,'Wednesday','2015-02-25','Imasi',6,2),(299,12,'Wednesday','2015-02-25','Bread',7,3),(300,10,'Wednesday','2015-02-25','Chakalaka Can',5,4),(301,7,'Wednesday','2015-02-25','Fanta 500ml',6,6),(302,7,'Wednesday','2015-02-25','Coke 500ml',8,7),(303,8,'Wednesday','2015-02-25','Cream Soda 500ml',5,8),(304,30,'Wednesday','2015-02-25','Iwisa Pap 5kg',3,9),(305,12,'Wednesday','2015-02-25','Top Class Soy Mince',7,10),(306,30,'Wednesday','2015-02-25','Shampoo 1 litre',1,11),(307,6,'Wednesday','2015-02-25','Soap Bar',4,12),(308,2,'Wednesday','2015-02-25','Mixed Sweets 5s',5,15),(309,10,'Thursday','2015-02-26','Milk 1l',8,1),(310,25,'Thursday','2015-02-26','Imasi',8,2),(311,12,'Thursday','2015-02-26','Bread',5,3),(312,10,'Thursday','2015-02-26','Chakalaka Can',3,4),(313,7,'Thursday','2015-02-26','Fanta 500ml',3,6),(314,7,'Thursday','2015-02-26','Coke 500ml',7,7),(315,8,'Thursday','2015-02-26','Cream Soda 500ml',4,8),(316,30,'Thursday','2015-02-26','Iwisa Pap 5kg',3,9),(317,12,'Thursday','2015-02-26','Top Class Soy Mince',8,10),(318,30,'Thursday','2015-02-26','Shampoo 1 litre',0,11),(319,6,'Thursday','2015-02-26','Soap Bar',3,12),(320,3,'Thursday','2015-02-26','Mixed Sweets 5s',1,15),(321,10,'Friday','2015-02-27','Milk 1l',8,1),(322,25,'Friday','2015-02-27','Imasi',5,2),(323,12,'Friday','2015-02-27','Bread',3,3),(324,10,'Friday','2015-02-27','Chakalaka Can',12,4),(325,7,'Friday','2015-02-27','Fanta 500ml',6,6),(326,7,'Friday','2015-02-27','Coke 500ml',18,7),(327,8,'Friday','2015-02-27','Cream Soda 500ml',3,8),(328,30,'Friday','2015-02-27','Iwisa Pap 5kg',4,9),(329,12,'Friday','2015-02-27','Top Class Soy Mince',12,10),(330,30,'Friday','2015-02-27','Shampoo 1 litre',5,11),(331,6,'Friday','2015-02-27','Soap Bar',3,12),(332,3,'Friday','2015-02-27','Mixed Sweets 5s',1,15),(333,10,'Saturday','2015-02-28','Milk 1l',3,1),(334,25,'Saturday','2015-02-28','Imasi',2,2),(335,12,'Saturday','2015-02-28','Bread',4,3),(336,10,'Saturday','2015-02-28','Chakalaka Can',5,4),(337,7,'Saturday','2015-02-28','Fanta 500ml',3,6),(338,7,'Saturday','2015-02-28','Coke 500ml',4,7),(339,8,'Saturday','2015-02-28','Cream Soda 500ml',6,8),(340,30,'Saturday','2015-02-28','Iwisa Pap 5kg',2,9),(341,12,'Saturday','2015-02-28','Top Class Soy Mince',9,10),(342,30,'Saturday','2015-02-28','Shampoo 1 litre',4,11),(343,6,'Saturday','2015-02-28','Soap Bar',7,12),(344,3,'Saturday','2015-02-28','Mixed Sweets 5s',8,15),(345,10,'Sunday','2015-01-03','Milk 1l',4,1),(346,25,'Sunday','2015-01-03','Imasi',3,2),(347,12,'Sunday','2015-01-03','Bread',3,3),(348,10,'Sunday','2015-01-03','Chakalaka Can',5,4),(349,7,'Sunday','2015-01-03','Fanta 500ml',2,6),(350,7,'Sunday','2015-01-03','Coke 500ml',3,7),(351,8,'Sunday','2015-01-03','Cream Soda 500ml',0,8),(352,30,'Sunday','2015-01-03','Iwisa Pap 5kg',1,9),(353,12,'Sunday','2015-01-03','Top Class Soy Mince',4,10),(354,30,'Sunday','2015-01-03','Shampoo 1 litre',3,11),(355,6,'Sunday','2015-01-03','Soap Bar',6,12),(356,3,'Sunday','2015-01-03','Mixed Sweets 5s',12,15);
/*!40000 ALTER TABLE `purchases` ENABLE KEYS */;
UNLOCK TABLES;

--
-- Table structure for table `sales`
--

DROP TABLE IF EXISTS `sales`;
/*!40101 SET @saved_cs_client     = @@character_set_client */;
/*!40101 SET character_set_client = utf8 */;
CREATE TABLE `sales` (
  `id` int(11) NOT NULL AUTO_INCREMENT,
  `sales_date` date DEFAULT NULL,
  `no_sold` int(11) DEFAULT NULL,
  `sales_price` decimal(10,0) DEFAULT NULL,
  `prod_id` int(11) DEFAULT NULL,
  PRIMARY KEY (`id`),
  KEY `prod_id` (`prod_id`),
  CONSTRAINT `sales_ibfk_1` FOREIGN KEY (`prod_id`) REFERENCES `products` (`id`)
) ENGINE=InnoDB AUTO_INCREMENT=357 DEFAULT CHARSET=latin1;
/*!40101 SET character_set_client = @saved_cs_client */;

--
-- Dumping data for table `sales`
--

LOCK TABLES `sales` WRITE;
/*!40000 ALTER TABLE `sales` DISABLE KEYS */;
INSERT INTO `sales` VALUES (1,'2015-02-01',3,10,1),(2,'2015-02-01',1,25,2),(3,'2015-02-01',2,12,3),(4,'2015-02-01',3,10,4),(5,'2015-02-01',3,7,6),(6,'2015-02-01',2,7,7),(7,'2015-02-01',2,8,8),(8,'2015-02-01',0,30,9),(9,'2015-02-01',2,12,10),(10,'2015-02-01',1,30,11),(11,'2015-02-01',0,6,12),(12,'2015-02-01',9,3,15),(13,'2015-02-02',4,10,1),(14,'2015-02-02',4,25,2),(15,'2015-02-02',5,12,3),(16,'2015-02-02',4,10,4),(17,'2015-02-02',5,7,6),(18,'2015-02-02',8,7,7),(19,'2015-02-02',4,8,8),(20,'2015-02-02',5,30,9),(21,'2015-02-02',3,12,10),(22,'2015-02-02',0,30,11),(23,'2015-02-02',2,6,12),(24,'2015-02-02',0,3,15),(25,'2015-02-03',7,10,1),(26,'2015-02-03',4,25,2),(27,'2015-02-03',7,12,3),(28,'2015-02-03',4,10,4),(29,'2015-02-03',5,7,6),(30,'2015-02-03',8,7,7),(31,'2015-02-03',3,8,8),(32,'2015-02-03',3,30,9),(33,'2015-02-03',3,12,10),(34,'2015-02-03',0,30,11),(35,'2015-02-03',2,6,12),(36,'2015-02-03',15,2,15),(37,'2015-02-04',5,10,1),(38,'2015-02-04',8,25,2),(39,'2015-02-04',8,12,3),(40,'2015-02-04',2,10,4),(41,'2015-02-04',7,7,6),(42,'2015-02-04',12,7,7),(43,'2015-02-04',2,8,8),(44,'2015-02-04',1,30,9),(45,'2015-02-04',4,12,10),(46,'2015-02-04',1,30,11),(47,'2015-02-04',3,6,12),(48,'2015-02-04',12,2,15),(49,'2015-02-05',10,10,1),(50,'2015-02-05',3,25,2),(51,'2015-02-05',12,12,3),(52,'2015-02-05',3,10,4),(53,'2015-02-05',3,7,6),(54,'2015-02-05',9,7,7),(55,'2015-02-05',8,8,8),(56,'2015-02-05',2,30,9),(57,'2015-02-05',1,12,10),(58,'2015-02-05',0,30,11),(59,'2015-02-05',1,6,12),(60,'2015-02-05',5,3,15),(61,'2015-02-06',6,10,1),(62,'2015-02-06',4,25,2),(63,'2015-02-06',7,12,3),(64,'2015-02-06',5,10,4),(65,'2015-02-06',7,7,6),(66,'2015-02-06',8,7,7),(67,'2015-02-06',3,8,8),(68,'2015-02-06',6,30,9),(69,'2015-02-06',8,12,10),(70,'2015-02-06',1,30,11),(71,'2015-02-06',3,6,12),(72,'2015-02-06',5,3,15),(73,'2015-02-07',4,10,1),(74,'2015-02-07',6,25,2),(75,'2015-02-07',4,12,3),(76,'2015-02-07',2,10,4),(77,'2015-02-07',3,7,6),(78,'2015-02-07',7,7,7),(79,'2015-02-07',0,8,8),(80,'2015-02-07',0,30,9),(81,'2015-02-07',1,12,10),(82,'2015-02-07',0,30,11),(83,'2015-02-07',1,6,12),(84,'2015-02-07',3,3,15),(85,'2015-02-08',0,10,1),(86,'2015-02-08',2,25,2),(87,'2015-02-08',2,12,3),(88,'2015-02-08',1,10,4),(89,'2015-02-08',4,7,6),(90,'2015-02-08',4,7,7),(91,'2015-02-08',1,8,8),(92,'2015-02-08',1,30,9),(93,'2015-02-08',2,12,10),(94,'2015-02-08',0,30,11),(95,'2015-02-08',1,6,12),(96,'2015-02-08',9,3,15),(97,'2015-02-09',3,10,1),(98,'2015-02-09',6,25,2),(99,'2015-02-09',7,12,3),(100,'2015-02-09',5,10,4),(101,'2015-02-09',3,7,6),(102,'2015-02-09',8,7,7),(103,'2015-02-09',5,8,8),(104,'2015-02-09',2,30,9),(105,'2015-02-09',1,12,10),(106,'2015-02-09',0,30,11),(107,'2015-02-09',0,6,12),(108,'2015-02-09',3,3,15),(109,'2015-02-10',5,10,1),(110,'2015-02-10',4,25,2),(111,'2015-02-10',2,12,3),(112,'2015-02-10',0,10,4),(113,'2015-02-10',1,7,6),(114,'2015-02-10',3,7,7),(115,'2015-02-10',2,8,8),(116,'2015-02-10',1,30,9),(117,'2015-02-10',3,12,10),(118,'2015-02-10',1,30,11),(119,'2015-02-10',0,6,12),(120,'2015-02-10',7,2,15),(121,'2015-02-10',1,15,17),(122,'2015-02-11',5,10,1),(123,'2015-02-11',4,25,2),(124,'2015-02-11',3,12,3),(125,'2015-02-11',2,10,4),(126,'2015-02-11',2,7,6),(127,'2015-02-11',3,7,7),(128,'2015-02-11',1,8,8),(129,'2015-02-11',0,30,9),(130,'2015-02-11',2,12,10),(131,'2015-02-11',1,30,11),(132,'2015-02-11',0,6,12),(133,'2015-02-11',8,2,15),(134,'2015-02-11',3,15,17),(135,'2015-02-12',3,10,1),(136,'2015-02-12',9,25,2),(137,'2015-02-12',2,12,3),(138,'2015-02-12',3,10,4),(139,'2015-02-12',0,7,6),(140,'2015-02-12',2,7,7),(141,'2015-02-12',1,8,8),(142,'2015-02-12',0,30,9),(143,'2015-02-12',2,12,10),(144,'2015-02-12',0,30,11),(145,'2015-02-12',2,6,12),(146,'2015-02-12',3,3,15),(147,'2015-02-12',6,4,18),(148,'2015-02-12',2,15,17),(149,'2015-02-13',6,10,1),(150,'2015-02-13',6,25,2),(151,'2015-02-13',5,12,3),(152,'2015-02-13',7,10,4),(153,'2015-02-13',6,7,6),(154,'2015-02-13',8,7,7),(155,'2015-02-13',4,8,8),(156,'2015-02-13',3,30,9),(157,'2015-02-13',4,12,10),(158,'2015-02-13',4,30,11),(159,'2015-02-13',2,6,12),(160,'2015-02-13',6,3,15),(161,'2015-02-13',5,4,18),(162,'2015-02-13',7,15,17),(163,'2015-02-14',6,10,1),(164,'2015-02-14',5,25,2),(165,'2015-02-14',7,12,3),(166,'2015-02-14',3,10,4),(167,'2015-02-14',7,7,6),(168,'2015-02-14',14,7,7),(169,'2015-02-14',8,8,8),(170,'2015-02-14',3,30,9),(171,'2015-02-14',7,12,10),(172,'2015-02-14',0,30,11),(173,'2015-02-14',0,6,12),(174,'2015-02-14',18,3,15),(175,'2015-02-14',3,4,18),(176,'2015-02-14',1,15,17),(177,'2015-02-15',2,10,1),(178,'2015-02-15',2,25,2),(179,'2015-02-15',1,12,3),(180,'2015-02-15',3,10,4),(181,'2015-02-15',5,7,6),(182,'2015-02-15',4,7,7),(183,'2015-02-15',2,8,8),(184,'2015-02-15',0,30,9),(185,'2015-02-15',1,12,10),(186,'2015-02-15',0,30,11),(187,'2015-02-15',1,6,12),(188,'2015-02-15',3,3,15),(189,'2015-02-16',7,10,1),(190,'2015-02-16',6,25,2),(191,'2015-02-16',4,12,3),(192,'2015-02-16',3,10,4),(193,'2015-02-16',2,7,6),(194,'2015-02-16',1,7,7),(195,'2015-02-16',2,8,8),(196,'2015-02-16',2,30,9),(197,'2015-02-16',1,12,10),(198,'2015-02-16',0,30,11),(199,'2015-02-16',2,6,12),(200,'2015-02-16',5,3,15),(201,'2015-02-17',8,10,1),(202,'2015-02-17',6,25,2),(203,'2015-02-17',3,12,3),(204,'2015-02-17',0,10,4),(205,'2015-02-17',0,7,6),(206,'2015-02-17',2,7,7),(207,'2015-02-17',0,8,8),(208,'2015-02-17',1,30,9),(209,'2015-02-17',2,12,10),(210,'2015-02-17',0,30,11),(211,'2015-02-17',1,6,12),(212,'2015-02-17',5,2,15),(213,'2015-02-18',3,10,1),(214,'2015-02-18',5,25,2),(215,'2015-02-18',5,12,3),(216,'2015-02-18',1,10,4),(217,'2015-02-18',0,7,6),(218,'2015-02-18',3,7,7),(219,'2015-02-18',2,8,8),(220,'2015-02-18',1,30,9),(221,'2015-02-18',1,12,10),(222,'2015-02-18',1,30,11),(223,'2015-02-18',1,6,12),(224,'2015-02-18',2,2,15),(225,'2015-02-19',5,10,1),(226,'2015-02-19',3,25,2),(227,'2015-02-19',5,12,3),(228,'2015-02-19',2,10,4),(229,'2015-02-19',1,7,6),(230,'2015-02-19',1,7,7),(231,'2015-02-19',0,8,8),(232,'2015-02-19',0,30,9),(233,'2015-02-19',2,12,10),(234,'2015-02-19',2,30,11),(235,'2015-02-19',0,6,12),(236,'2015-02-19',4,3,15),(237,'2015-02-20',4,10,1),(238,'2015-02-20',2,25,2),(239,'2015-02-20',3,12,3),(240,'2015-02-20',5,10,4),(241,'2015-02-20',3,7,6),(242,'2015-02-20',5,7,7),(243,'2015-02-20',6,8,8),(244,'2015-02-20',0,30,9),(245,'2015-02-20',3,12,10),(246,'2015-02-20',1,30,11),(247,'2015-02-20',3,6,12),(248,'2015-02-20',8,3,15),(249,'2015-02-21',1,10,1),(250,'2015-02-21',1,25,2),(251,'2015-02-21',3,12,3),(252,'2015-02-21',3,10,4),(253,'2015-02-21',3,7,6),(254,'2015-02-21',2,7,7),(255,'2015-02-21',0,8,8),(256,'2015-02-21',0,30,9),(257,'2015-02-21',2,12,10),(258,'2015-02-21',0,30,11),(259,'2015-02-21',0,6,12),(260,'2015-02-21',2,3,15),(261,'2015-02-22',2,10,1),(262,'2015-02-22',2,25,2),(263,'2015-02-22',3,12,3),(264,'2015-02-22',0,10,4),(265,'2015-02-22',2,7,6),(266,'2015-02-22',0,7,7),(267,'2015-02-22',0,8,8),(268,'2015-02-22',0,30,9),(269,'2015-02-22',0,12,10),(270,'2015-02-22',0,30,11),(271,'2015-02-22',1,6,12),(272,'2015-02-22',3,3,15),(273,'2015-02-23',8,10,1),(274,'2015-02-23',6,25,2),(275,'2015-02-23',2,12,3),(276,'2015-02-23',2,10,4),(277,'2015-02-23',1,7,6),(278,'2015-02-23',3,7,7),(279,'2015-02-23',0,8,8),(280,'2015-02-23',2,30,9),(281,'2015-02-23',1,12,10),(282,'2015-02-23',0,30,11),(283,'2015-02-23',0,6,12),(284,'2015-02-23',3,3,15),(285,'2015-02-24',4,10,1),(286,'2015-02-24',2,25,2),(287,'2015-02-24',6,12,3),(288,'2015-02-24',1,10,4),(289,'2015-02-24',1,7,6),(290,'2015-02-24',2,7,7),(291,'2015-02-24',1,8,8),(292,'2015-02-24',1,30,9),(293,'2015-02-24',2,12,10),(294,'2015-02-24',0,30,11),(295,'2015-02-24',1,6,12),(296,'2015-02-24',7,2,15),(297,'2015-02-25',8,10,1),(298,'2015-02-25',6,25,2),(299,'2015-02-25',7,12,3),(300,'2015-02-25',5,10,4),(301,'2015-02-25',6,7,6),(302,'2015-02-25',8,7,7),(303,'2015-02-25',5,8,8),(304,'2015-02-25',3,30,9),(305,'2015-02-25',7,12,10),(306,'2015-02-25',1,30,11),(307,'2015-02-25',4,6,12),(308,'2015-02-25',5,2,15),(309,'2015-02-26',8,10,1),(310,'2015-02-26',8,25,2),(311,'2015-02-26',5,12,3),(312,'2015-02-26',3,10,4),(313,'2015-02-26',3,7,6),(314,'2015-02-26',7,7,7),(315,'2015-02-26',4,8,8),(316,'2015-02-26',3,30,9),(317,'2015-02-26',8,12,10),(318,'2015-02-26',0,30,11),(319,'2015-02-26',3,6,12),(320,'2015-02-26',1,3,15),(321,'2015-02-27',8,10,1),(322,'2015-02-27',5,25,2),(323,'2015-02-27',3,12,3),(324,'2015-02-27',12,10,4),(325,'2015-02-27',6,7,6),(326,'2015-02-27',18,7,7),(327,'2015-02-27',3,8,8),(328,'2015-02-27',4,30,9),(329,'2015-02-27',12,12,10),(330,'2015-02-27',5,30,11),(331,'2015-02-27',3,6,12),(332,'2015-02-27',1,3,15),(333,'2015-02-28',3,10,1),(334,'2015-02-28',2,25,2),(335,'2015-02-28',4,12,3),(336,'2015-02-28',5,10,4),(337,'2015-02-28',3,7,6),(338,'2015-02-28',4,7,7),(339,'2015-02-28',6,8,8),(340,'2015-02-28',2,30,9),(341,'2015-02-28',9,12,10),(342,'2015-02-28',4,30,11),(343,'2015-02-28',7,6,12),(344,'2015-02-28',8,3,15),(345,'2015-01-03',4,10,1),(346,'2015-01-03',3,25,2),(347,'2015-01-03',3,12,3),(348,'2015-01-03',5,10,4),(349,'2015-01-03',2,7,6),(350,'2015-01-03',3,7,7),(351,'2015-01-03',0,8,8),(352,'2015-01-03',1,30,9),(353,'2015-01-03',4,12,10),(354,'2015-01-03',3,30,11),(355,'2015-01-03',6,6,12),(356,'2015-01-03',12,3,15);
/*!40000 ALTER TABLE `sales` ENABLE KEYS */;
UNLOCK TABLES;

--
-- Table structure for table `sales_csv`
--

DROP TABLE IF EXISTS `sales_csv`;
/*!40101 SET @saved_cs_client     = @@character_set_client */;
/*!40101 SET character_set_client = utf8 */;
CREATE TABLE `sales_csv` (
  `day` varchar(20) NOT NULL,
  `date` date NOT NULL,
  `stock_item` varchar(45) NOT NULL,
  `no_sold` int(11) NOT NULL,
  `sales_price` decimal(10,2) NOT NULL
) ENGINE=InnoDB DEFAULT CHARSET=latin1;
/*!40101 SET character_set_client = @saved_cs_client */;

--
-- Dumping data for table `sales_csv`
--

LOCK TABLES `sales_csv` WRITE;
/*!40000 ALTER TABLE `sales_csv` DISABLE KEYS */;
INSERT INTO `sales_csv` VALUES ('Sunday','2015-02-01','Milk 1l',3,10.00),('Sunday','2015-02-01','Imasi',1,25.00),('Sunday','2015-02-01','Bread',2,12.00),('Sunday','2015-02-01','Chakalaka Can',3,10.00),('Sunday','2015-02-01','Gold Dish Vegetable Curry Can',2,9.00),('Sunday','2015-02-01','Fanta 500ml',3,6.50),('Sunday','2015-02-01','Coke 500ml',2,6.50),('Sunday','2015-02-01','Cream Soda 500ml',2,7.50),('Sunday','2015-02-01','Iwisa Pap 5kg',0,30.00),('Sunday','2015-02-01','Top Class Soy Mince',2,12.00),('Sunday','2015-02-01','Shampoo 1 litre',1,30.00),('Sunday','2015-02-01','Soap Bar',0,6.00),('Sunday','2015-02-01','Bananas - loose',3,2.00),('Sunday','2015-02-01','Apples - loose',5,2.00),('Sunday','2015-02-01','Mixed Sweets 5s',9,3.00),('Monday','2015-02-02','Milk 1l',4,10.00),('Monday','2015-02-02','Imasi',4,25.00),('Monday','2015-02-02','Bread',5,12.00),('Monday','2015-02-02','Chakalaka Can',4,10.00),('Monday','2015-02-02','Gold Dish Vegetable Curry Can',5,9.00),('Monday','2015-02-02','Fanta 500ml',5,6.50),('Monday','2015-02-02','Coke 500ml',8,6.50),('Monday','2015-02-02','Cream Soda 500ml',4,7.50),('Monday','2015-02-02','Iwisa Pap 5kg',5,30.00),('Monday','2015-02-02','Top Class Soy Mince',3,12.00),('Monday','2015-02-02','Shampoo 1 litre',0,30.00),('Monday','2015-02-02','Soap Bar',2,6.00),('Monday','2015-02-02','Bananas - loose',0,2.00),('Monday','2015-02-02','Apples - loose',0,2.00),('Monday','2015-02-02','Mixed Sweets 5s',0,3.00),('Tuesday','2015-02-03','Milk 1l',7,10.00),('Tuesday','2015-02-03','Imasi',4,25.00),('Tuesday','2015-02-03','Bread',7,12.00),('Tuesday','2015-02-03','Chakalaka Can',4,10.00),('Tuesday','2015-02-03','Gold Dish Vegetable Curry Can',2,9.00),('Tuesday','2015-02-03','Fanta 500ml',5,6.50),('Tuesday','2015-02-03','Coke 500ml',8,6.50),('Tuesday','2015-02-03','Cream Soda 500ml',3,7.50),('Tuesday','2015-02-03','Iwisa Pap 5kg',3,30.00),('Tuesday','2015-02-03','Top Class Soy Mince',3,12.00),('Tuesday','2015-02-03','Shampoo 1 litre',0,30.00),('Tuesday','2015-02-03','Soap Bar',2,6.00),('Tuesday','2015-02-03','Bananas - loose',10,2.00),('Tuesday','2015-02-03','Apples - loose',8,2.00),('Tuesday','2015-02-03','Mixed Sweets 5s',15,2.00),('Wednesday','2015-02-04','Milk 1l',5,10.00),('Wednesday','2015-02-04','Imasi',8,25.00),('Wednesday','2015-02-04','Bread',8,12.00),('Wednesday','2015-02-04','Chakalaka Can',2,10.00),('Wednesday','2015-02-04','Gold Dish Vegetable Curry Can',0,9.00),('Wednesday','2015-02-04','Fanta 500ml',7,6.50),('Wednesday','2015-02-04','Coke 500ml',12,6.50),('Wednesday','2015-02-04','Cream Soda 500ml',2,7.50),('Wednesday','2015-02-04','Iwisa Pap 5kg',1,30.00),('Wednesday','2015-02-04','Top Class Soy Mince',4,12.00),('Wednesday','2015-02-04','Shampoo 1 litre',1,30.00),('Wednesday','2015-02-04','Soap Bar',3,6.00),('Wednesday','2015-02-04','Bananas - loose',16,2.00),('Wednesday','2015-02-04','Apples - loose',8,2.00),('Wednesday','2015-02-04','Mixed Sweets 5s',12,2.00),('Thursday','2015-02-05','Milk 1l',10,10.00),('Thursday','2015-02-05','Imasi',3,25.00),('Thursday','2015-02-05','Bread',12,12.00),('Thursday','2015-02-05','Chakalaka Can',3,10.00),('Thursday','2015-02-05','Gold Dish Vegetable Curry Can',6,9.00),('Thursday','2015-02-05','Fanta 500ml',3,6.50),('Thursday','2015-02-05','Coke 500ml',9,6.50),('Thursday','2015-02-05','Cream Soda 500ml',8,7.50),('Thursday','2015-02-05','Iwisa Pap 5kg',2,30.00),('Thursday','2015-02-05','Top Class Soy Mince',1,12.00),('Thursday','2015-02-05','Shampoo 1 litre',0,30.00),('Thursday','2015-02-05','Soap Bar',1,6.00),('Thursday','2015-02-05','Bananas - loose',8,2.00),('Thursday','2015-02-05','Apples - loose',12,2.00),('Thursday','2015-02-05','Mixed Sweets 5s',5,3.00),('Friday','2015-02-06','Milk 1l',6,10.00),('Friday','2015-02-06','Imasi',4,25.00),('Friday','2015-02-06','Bread',7,12.00),('Friday','2015-02-06','Chakalaka Can',5,10.00),('Friday','2015-02-06','Gold Dish Vegetable Curry Can',2,9.00),('Friday','2015-02-06','Fanta 500ml',7,6.50),('Friday','2015-02-06','Coke 500ml',8,6.50),('Friday','2015-02-06','Cream Soda 500ml',3,7.50),('Friday','2015-02-06','Iwisa Pap 5kg',6,30.00),('Friday','2015-02-06','Top Class Soy Mince',8,12.00),('Friday','2015-02-06','Shampoo 1 litre',1,30.00),('Friday','2015-02-06','Soap Bar',3,6.00),('Friday','2015-02-06','Bananas - loose',2,2.00),('Friday','2015-02-06','Apples - loose',0,2.00),('Friday','2015-02-06','Mixed Sweets 5s',5,3.00),('Saturday','2015-02-07','Milk 1l',4,10.00),('Saturday','2015-02-07','Imasi',6,25.00),('Saturday','2015-02-07','Bread',4,12.00),('Saturday','2015-02-07','Chakalaka Can',2,10.00),('Saturday','2015-02-07','Gold Dish Vegetable Curry Can',0,9.00),('Saturday','2015-02-07','Fanta 500ml',3,6.50),('Saturday','2015-02-07','Coke 500ml',7,6.50),('Saturday','2015-02-07','Cream Soda 500ml',0,7.50),('Saturday','2015-02-07','Iwisa Pap 5kg',0,30.00),('Saturday','2015-02-07','Top Class Soy Mince',1,12.00),('Saturday','2015-02-07','Shampoo 1 litre',0,30.00),('Saturday','2015-02-07','Soap Bar',1,6.00),('Saturday','2015-02-07','Bananas - loose',8,2.00),('Saturday','2015-02-07','Apples - loose',3,2.00),('Saturday','2015-02-07','Mixed Sweets 5s',3,3.00),('Sunday','2015-02-08','Milk 1l',0,10.00),('Sunday','2015-02-08','Imasi',2,25.00),('Sunday','2015-02-08','Bread',2,12.00),('Sunday','2015-02-08','Chakalaka Can',1,10.00),('Sunday','2015-02-08','Gold Dish Vegetable Curry Can',0,9.00),('Sunday','2015-02-08','Fanta 500ml',4,6.50),('Sunday','2015-02-08','Coke 500ml',4,6.50),('Sunday','2015-02-08','Cream Soda 500ml',1,7.50),('Sunday','2015-02-08','Iwisa Pap 5kg',1,30.00),('Sunday','2015-02-08','Top Class Soy Mince',2,12.00),('Sunday','2015-02-08','Shampoo 1 litre',0,30.00),('Sunday','2015-02-08','Soap Bar',1,6.00),('Sunday','2015-02-08','Bananas - loose',5,2.00),('Sunday','2015-02-08','Apples - loose',2,2.00),('Sunday','2015-02-08','Mixed Sweets 5s',9,3.00),('Monday','2015-02-09','Milk 1l',3,10.00),('Monday','2015-02-09','Imasi',6,25.00),('Monday','2015-02-09','Bread',7,12.00),('Monday','2015-02-09','Chakalaka Can',5,10.00),('Monday','2015-02-09','Gold Dish Vegetable Curry Can',6,9.00),('Monday','2015-02-09','Fanta 500ml',3,6.50),('Monday','2015-02-09','Coke 500ml',8,6.50),('Monday','2015-02-09','Cream Soda 500ml',5,7.50),('Monday','2015-02-09','Iwisa Pap 5kg',2,30.00),('Monday','2015-02-09','Top Class Soy Mince',1,12.00),('Monday','2015-02-09','Shampoo 1 litre',0,30.00),('Monday','2015-02-09','Soap Bar',0,6.00),('Monday','2015-02-09','Bananas - loose',5,2.00),('Monday','2015-02-09','Apples - loose',0,2.00),('Monday','2015-02-09','Mixed Sweets 5s',3,3.00),('Tuesday','2015-02-10','Milk 1l',5,10.00),('Tuesday','2015-02-10','Imasi',4,25.00),('Tuesday','2015-02-10','Bread',2,12.00),('Tuesday','2015-02-10','Chakalaka Can',0,10.00),('Tuesday','2015-02-10','Gold Dish Vegetable Curry Can',0,9.00),('Tuesday','2015-02-10','Fanta 500ml',1,6.50),('Tuesday','2015-02-10','Coke 500ml',3,6.50),('Tuesday','2015-02-10','Cream Soda 500ml',2,7.50),('Tuesday','2015-02-10','Iwisa Pap 5kg',1,30.00),('Tuesday','2015-02-10','Top Class Soy Mince',3,12.00),('Tuesday','2015-02-10','Shampoo 1 litre',1,30.00),('Tuesday','2015-02-10','Soap Bar',0,6.00),('Tuesday','2015-02-10','Bananas - loose',3,2.00),('Tuesday','2015-02-10','Apples - loose',2,2.00),('Tuesday','2015-02-10','Mixed Sweets 5s',7,2.00),('Tuesday','2015-02-10','Heart Chocolates',3,35.00),('Tuesday','2015-02-10','Rose (plastic)',1,15.00),('Wednesday','2015-02-11','Milk 1l',5,10.00),('Wednesday','2015-02-11','Imasi',4,25.00),('Wednesday','2015-02-11','Bread',3,12.00),('Wednesday','2015-02-11','Chakalaka Can',2,10.00),('Wednesday','2015-02-11','Gold Dish Vegetable Curry Can',1,9.00),('Wednesday','2015-02-11','Fanta 500ml',2,6.50),('Wednesday','2015-02-11','Coke 500ml',3,6.50),('Wednesday','2015-02-11','Cream Soda 500ml',1,7.50),('Wednesday','2015-02-11','Iwisa Pap 5kg',0,30.00),('Wednesday','2015-02-11','Top Class Soy Mince',2,12.00),('Wednesday','2015-02-11','Shampoo 1 litre',1,30.00),('Wednesday','2015-02-11','Soap Bar',0,6.00),('Wednesday','2015-02-11','Bananas - loose',4,2.00),('Wednesday','2015-02-11','Apples - loose',3,2.00),('Wednesday','2015-02-11','Mixed Sweets 5s',8,2.00),('Wednesday','2015-02-11','Heart Chocolates',5,35.00),('Wednesday','2015-02-11','Rose (plastic)',3,15.00),('Thursday','2015-02-12','Milk 1l',3,10.00),('Thursday','2015-02-12','Imasi',9,25.00),('Thursday','2015-02-12','Bread',2,12.00),('Thursday','2015-02-12','Chakalaka Can',3,10.00),('Thursday','2015-02-12','Gold Dish Vegetable Curry Can',1,9.00),('Thursday','2015-02-12','Fanta 500ml',0,6.50),('Thursday','2015-02-12','Coke 500ml',2,6.50),('Thursday','2015-02-12','Cream Soda 500ml',1,7.50),('Thursday','2015-02-12','Iwisa Pap 5kg',0,30.00),('Thursday','2015-02-12','Top Class Soy Mince',2,12.00),('Thursday','2015-02-12','Shampoo 1 litre',0,30.00),('Thursday','2015-02-12','Soap Bar',2,6.00),('Thursday','2015-02-12','Bananas - loose',2,2.00),('Thursday','2015-02-12','Apples - loose',3,2.00),('Thursday','2015-02-12','Mixed Sweets 5s',3,3.00),('Thursday','2015-02-12','Heart Chocolates',2,35.00),('Thursday','2015-02-12','Valentine Cards',6,4.00),('Thursday','2015-02-12','Rose (plastic)',2,15.00),('Friday','2015-02-13','Milk 1l',6,10.00),('Friday','2015-02-13','Imasi',6,25.00),('Friday','2015-02-13','Bread',5,12.00),('Friday','2015-02-13','Chakalaka Can',7,10.00),('Friday','2015-02-13','Gold Dish Vegetable Curry Can',15,9.00),('Friday','2015-02-13','Fanta 500ml',6,6.50),('Friday','2015-02-13','Coke 500ml',8,6.50),('Friday','2015-02-13','Cream Soda 500ml',4,7.50),('Friday','2015-02-13','Iwisa Pap 5kg',3,30.00),('Friday','2015-02-13','Top Class Soy Mince',4,12.00),('Friday','2015-02-13','Shampoo 1 litre',4,30.00),('Friday','2015-02-13','Soap Bar',2,6.00),('Friday','2015-02-13','Bananas - loose',4,2.00),('Friday','2015-02-13','Apples - loose',2,2.00),('Friday','2015-02-13','Mixed Sweets 5s',6,3.00),('Friday','2015-02-13','Heart Chocolates',10,35.00),('Friday','2015-02-13','Valentine Cards',5,4.00),('Friday','2015-02-13','Rose (plastic)',7,15.00),('Saturday','2015-02-14','Milk 1l',6,10.00),('Saturday','2015-02-14','Imasi',5,25.00),('Saturday','2015-02-14','Bread',7,12.00),('Saturday','2015-02-14','Chakalaka Can',3,10.00),('Saturday','2015-02-14','Gold Dish Vegetable Curry Can',4,9.00),('Saturday','2015-02-14','Fanta 500ml',7,6.50),('Saturday','2015-02-14','Coke 500ml',14,6.50),('Saturday','2015-02-14','Cream Soda 500ml',8,7.50),('Saturday','2015-02-14','Iwisa Pap 5kg',3,30.00),('Saturday','2015-02-14','Top Class Soy Mince',7,12.00),('Saturday','2015-02-14','Shampoo 1 litre',0,30.00),('Saturday','2015-02-14','Soap Bar',0,6.00),('Saturday','2015-02-14','Bananas - loose',5,2.00),('Saturday','2015-02-14','Apples - loose',9,2.00),('Saturday','2015-02-14','Mixed Sweets 5s',18,3.00),('Saturday','2015-02-14','Heart Chocolates',0,35.00),('Saturday','2015-02-14','Valentine Cards',3,4.00),('Saturday','2015-02-14','Rose (plastic)',1,15.00),('Sunday','2015-02-15','Milk 1l',2,10.00),('Sunday','2015-02-15','Imasi',2,25.00),('Sunday','2015-02-15','Bread',1,12.00),('Sunday','2015-02-15','Chakalaka Can',3,10.00),('Sunday','2015-02-15','Gold Dish Vegetable Curry Can',0,9.00),('Sunday','2015-02-15','Fanta 500ml',5,6.50),('Sunday','2015-02-15','Coke 500ml',4,6.50),('Sunday','2015-02-15','Cream Soda 500ml',2,7.50),('Sunday','2015-02-15','Iwisa Pap 5kg',0,30.00),('Sunday','2015-02-15','Top Class Soy Mince',1,12.00),('Sunday','2015-02-15','Shampoo 1 litre',0,30.00),('Sunday','2015-02-15','Soap Bar',1,6.00),('Sunday','2015-02-15','Bananas - loose',1,2.00),('Sunday','2015-02-15','Apples - loose',1,2.00),('Sunday','2015-02-15','Mixed Sweets 5s',3,3.00),('Monday','2015-02-16','Milk 1l',7,10.00),('Monday','2015-02-16','Imasi',6,25.00),('Monday','2015-02-16','Bread',4,12.00),('Monday','2015-02-16','Chakalaka Can',3,10.00),('Monday','2015-02-16','Gold Dish Vegetable Curry Can',2,9.00),('Monday','2015-02-16','Fanta 500ml',2,6.50),('Monday','2015-02-16','Coke 500ml',1,6.50),('Monday','2015-02-16','Cream Soda 500ml',2,7.50),('Monday','2015-02-16','Iwisa Pap 5kg',2,30.00),('Monday','2015-02-16','Top Class Soy Mince',1,12.00),('Monday','2015-02-16','Shampoo 1 litre',0,30.00),('Monday','2015-02-16','Soap Bar',2,6.00),('Monday','2015-02-16','Bananas - loose',2,2.00),('Monday','2015-02-16','Apples - loose',3,2.00),('Monday','2015-02-16','Mixed Sweets 5s',5,3.00),('Tuesday','2015-02-17','Milk 1l',8,10.00),('Tuesday','2015-02-17','Imasi',6,25.00),('Tuesday','2015-02-17','Bread',3,12.00),('Tuesday','2015-02-17','Chakalaka Can',0,10.00),('Tuesday','2015-02-17','Gold Dish Vegetable Curry Can',0,9.00),('Tuesday','2015-02-17','Fanta 500ml',0,6.50),('Tuesday','2015-02-17','Coke 500ml',2,6.50),('Tuesday','2015-02-17','Cream Soda 500ml',0,7.50),('Tuesday','2015-02-17','Iwisa Pap 5kg',1,30.00),('Tuesday','2015-02-17','Top Class Soy Mince',2,12.00),('Tuesday','2015-02-17','Shampoo 1 litre',0,30.00),('Tuesday','2015-02-17','Soap Bar',1,6.00),('Tuesday','2015-02-17','Bananas - loose',2,2.00),('Tuesday','2015-02-17','Apples - loose',6,2.00),('Tuesday','2015-02-17','Mixed Sweets 5s',5,2.00),('Wednesday','2015-02-18','Milk 1l',3,10.00),('Wednesday','2015-02-18','Imasi',5,25.00),('Wednesday','2015-02-18','Bread',5,12.00),('Wednesday','2015-02-18','Chakalaka Can',1,10.00),('Wednesday','2015-02-18','Gold Dish Vegetable Curry Can',0,9.00),('Wednesday','2015-02-18','Fanta 500ml',0,6.50),('Wednesday','2015-02-18','Coke 500ml',3,6.50),('Wednesday','2015-02-18','Cream Soda 500ml',2,7.50),('Wednesday','2015-02-18','Iwisa Pap 5kg',1,30.00),('Wednesday','2015-02-18','Top Class Soy Mince',1,12.00),('Wednesday','2015-02-18','Shampoo 1 litre',1,30.00),('Wednesday','2015-02-18','Soap Bar',1,6.00),('Wednesday','2015-02-18','Bananas - loose',1,2.00),('Wednesday','2015-02-18','Apples - loose',3,2.00),('Wednesday','2015-02-18','Mixed Sweets 5s',2,2.00),('Thursday','2015-02-19','Milk 1l',5,10.00),('Thursday','2015-02-19','Imasi',3,25.00),('Thursday','2015-02-19','Bread',5,12.00),('Thursday','2015-02-19','Chakalaka Can',2,10.00),('Thursday','2015-02-19','Gold Dish Vegetable Curry Can',1,9.00),('Thursday','2015-02-19','Fanta 500ml',1,6.50),('Thursday','2015-02-19','Coke 500ml',1,6.50),('Thursday','2015-02-19','Cream Soda 500ml',0,7.50),('Thursday','2015-02-19','Iwisa Pap 5kg',0,30.00),('Thursday','2015-02-19','Top Class Soy Mince',2,12.00),('Thursday','2015-02-19','Shampoo 1 litre',2,30.00),('Thursday','2015-02-19','Soap Bar',0,6.00),('Thursday','2015-02-19','Bananas - loose',3,2.00),('Thursday','2015-02-19','Apples - loose',5,2.00),('Thursday','2015-02-19','Mixed Sweets 5s',4,3.00),('Friday','2015-02-20','Milk 1l',4,10.00),('Friday','2015-02-20','Imasi',2,25.00),('Friday','2015-02-20','Bread',3,12.00),('Friday','2015-02-20','Chakalaka Can',5,10.00),('Friday','2015-02-20','Gold Dish Vegetable Curry Can',3,9.00),('Friday','2015-02-20','Fanta 500ml',3,6.50),('Friday','2015-02-20','Coke 500ml',5,6.50),('Friday','2015-02-20','Cream Soda 500ml',6,7.50),('Friday','2015-02-20','Iwisa Pap 5kg',0,30.00),('Friday','2015-02-20','Top Class Soy Mince',3,12.00),('Friday','2015-02-20','Shampoo 1 litre',1,30.00),('Friday','2015-02-20','Soap Bar',3,6.00),('Friday','2015-02-20','Bananas - loose',6,2.00),('Friday','2015-02-20','Apples - loose',4,2.00),('Friday','2015-02-20','Mixed Sweets 5s',8,3.00),('Saturday','2015-02-21','Milk 1l',1,10.00),('Saturday','2015-02-21','Imasi',1,25.00),('Saturday','2015-02-21','Bread',3,12.00),('Saturday','2015-02-21','Chakalaka Can',3,10.00),('Saturday','2015-02-21','Gold Dish Vegetable Curry Can',2,9.00),('Saturday','2015-02-21','Fanta 500ml',3,6.50),('Saturday','2015-02-21','Coke 500ml',2,6.50),('Saturday','2015-02-21','Cream Soda 500ml',0,7.50),('Saturday','2015-02-21','Iwisa Pap 5kg',0,30.00),('Saturday','2015-02-21','Top Class Soy Mince',2,12.00),('Saturday','2015-02-21','Shampoo 1 litre',0,30.00),('Saturday','2015-02-21','Soap Bar',0,6.00),('Saturday','2015-02-21','Bananas - loose',2,2.00),('Saturday','2015-02-21','Apples - loose',3,2.00),('Saturday','2015-02-21','Mixed Sweets 5s',2,3.00),('Sunday','2015-02-22','Milk 1l',2,10.00),('Sunday','2015-02-22','Imasi',2,25.00),('Sunday','2015-02-22','Bread',3,12.00),('Sunday','2015-02-22','Chakalaka Can',0,10.00),('Sunday','2015-02-22','Gold Dish Vegetable Curry Can',1,9.00),('Sunday','2015-02-22','Fanta 500ml',2,6.50),('Sunday','2015-02-22','Coke 500ml',0,6.50),('Sunday','2015-02-22','Cream Soda 500ml',0,7.50),('Sunday','2015-02-22','Iwisa Pap 5kg',0,30.00),('Sunday','2015-02-22','Top Class Soy Mince',0,12.00),('Sunday','2015-02-22','Shampoo 1 litre',0,30.00),('Sunday','2015-02-22','Soap Bar',1,6.00),('Sunday','2015-02-22','Bananas - loose',0,2.00),('Sunday','2015-02-22','Apples - loose',1,2.00),('Sunday','2015-02-22','Mixed Sweets 5s',3,3.00),('Monday','2015-02-23','Milk 1l',8,10.00),('Monday','2015-02-23','Imasi',6,25.00),('Monday','2015-02-23','Bread',2,12.00),('Monday','2015-02-23','Chakalaka Can',2,10.00),('Monday','2015-02-23','Gold Dish Vegetable Curry Can',1,9.00),('Monday','2015-02-23','Fanta 500ml',1,6.50),('Monday','2015-02-23','Coke 500ml',3,6.50),('Monday','2015-02-23','Cream Soda 500ml',0,7.50),('Monday','2015-02-23','Iwisa Pap 5kg',2,30.00),('Monday','2015-02-23','Top Class Soy Mince',1,12.00),('Monday','2015-02-23','Shampoo 1 litre',0,30.00),('Monday','2015-02-23','Soap Bar',0,6.00),('Monday','2015-02-23','Bananas - loose',2,2.00),('Monday','2015-02-23','Apples - loose',1,2.00),('Monday','2015-02-23','Mixed Sweets 5s',3,3.00),('Tuesday','2015-02-24','Milk 1l',4,10.00),('Tuesday','2015-02-24','Imasi',2,25.00),('Tuesday','2015-02-24','Bread',6,12.00),('Tuesday','2015-02-24','Chakalaka Can',1,10.00),('Tuesday','2015-02-24','Gold Dish Vegetable Curry Can',2,9.00),('Tuesday','2015-02-24','Fanta 500ml',1,6.50),('Tuesday','2015-02-24','Coke 500ml',2,6.50),('Tuesday','2015-02-24','Cream Soda 500ml',1,7.50),('Tuesday','2015-02-24','Iwisa Pap 5kg',1,30.00),('Tuesday','2015-02-24','Top Class Soy Mince',2,12.00),('Tuesday','2015-02-24','Shampoo 1 litre',0,30.00),('Tuesday','2015-02-24','Soap Bar',1,6.00),('Tuesday','2015-02-24','Bananas - loose',5,2.00),('Tuesday','2015-02-24','Apples - loose',3,2.00),('Tuesday','2015-02-24','Mixed Sweets 5s',7,2.00),('Wednesday','2015-02-25','Milk 1l',8,10.00),('Wednesday','2015-02-25','Imasi',6,25.00),('Wednesday','2015-02-25','Bread',7,12.00),('Wednesday','2015-02-25','Chakalaka Can',5,10.00),('Wednesday','2015-02-25','Gold Dish Vegetable Curry Can',4,9.00),('Wednesday','2015-02-25','Fanta 500ml',6,6.50),('Wednesday','2015-02-25','Coke 500ml',8,6.50),('Wednesday','2015-02-25','Cream Soda 500ml',5,7.50),('Wednesday','2015-02-25','Iwisa Pap 5kg',3,30.00),('Wednesday','2015-02-25','Top Class Soy Mince',7,12.00),('Wednesday','2015-02-25','Shampoo 1 litre',1,30.00),('Wednesday','2015-02-25','Soap Bar',4,6.00),('Wednesday','2015-02-25','Bananas - loose',2,2.00),('Wednesday','2015-02-25','Apples - loose',8,2.00),('Wednesday','2015-02-25','Mixed Sweets 5s',5,2.00),('Thursday','2015-02-26','Milk 1l',8,10.00),('Thursday','2015-02-26','Imasi',8,25.00),('Thursday','2015-02-26','Bread',5,12.00),('Thursday','2015-02-26','Chakalaka Can',3,10.00),('Thursday','2015-02-26','Gold Dish Vegetable Curry Can',7,9.00),('Thursday','2015-02-26','Fanta 500ml',3,6.50),('Thursday','2015-02-26','Coke 500ml',7,6.50),('Thursday','2015-02-26','Cream Soda 500ml',4,7.50),('Thursday','2015-02-26','Iwisa Pap 5kg',3,30.00),('Thursday','2015-02-26','Top Class Soy Mince',8,12.00),('Thursday','2015-02-26','Shampoo 1 litre',0,30.00),('Thursday','2015-02-26','Soap Bar',3,6.00),('Thursday','2015-02-26','Bananas - loose',2,2.00),('Thursday','2015-02-26','Apples - loose',3,2.00),('Thursday','2015-02-26','Mixed Sweets 5s',1,3.00),('Friday','2015-02-27','Milk 1l',8,10.00),('Friday','2015-02-27','Imasi',5,25.00),('Friday','2015-02-27','Bread',3,12.00),('Friday','2015-02-27','Chakalaka Can',12,10.00),('Friday','2015-02-27','Gold Dish Vegetable Curry Can',9,9.00),('Friday','2015-02-27','Fanta 500ml',6,6.50),('Friday','2015-02-27','Coke 500ml',18,6.50),('Friday','2015-02-27','Cream Soda 500ml',3,7.50),('Friday','2015-02-27','Iwisa Pap 5kg',4,30.00),('Friday','2015-02-27','Top Class Soy Mince',12,12.00),('Friday','2015-02-27','Shampoo 1 litre',5,30.00),('Friday','2015-02-27','Soap Bar',3,6.00),('Friday','2015-02-27','Bananas - loose',1,2.00),('Friday','2015-02-27','Apples - loose',3,2.00),('Friday','2015-02-27','Mixed Sweets 5s',1,3.00),('Saturday','2015-02-28','Milk 1l',3,10.00),('Saturday','2015-02-28','Imasi',2,25.00),('Saturday','2015-02-28','Bread',4,12.00),('Saturday','2015-02-28','Chakalaka Can',5,10.00),('Saturday','2015-02-28','Gold Dish Vegetable Curry Can',6,9.00),('Saturday','2015-02-28','Fanta 500ml',3,6.50),('Saturday','2015-02-28','Coke 500ml',4,6.50),('Saturday','2015-02-28','Cream Soda 500ml',6,7.50),('Saturday','2015-02-28','Iwisa Pap 5kg',2,30.00),('Saturday','2015-02-28','Top Class Soy Mince',9,12.00),('Saturday','2015-02-28','Shampoo 1 litre',4,30.00),('Saturday','2015-02-28','Soap Bar',7,6.00),('Saturday','2015-02-28','Bananas - loose',6,2.00),('Saturday','2015-02-28','Apples - loose',8,2.00),('Saturday','2015-02-28','Mixed Sweets 5s',8,3.00),('Sunday','2015-01-03','Milk 1l',4,10.00),('Sunday','2015-01-03','Imasi',3,25.00),('Sunday','2015-01-03','Bread',3,12.00),('Sunday','2015-01-03','Chakalaka Can',5,10.00),('Sunday','2015-01-03','Gold Dish Vegetable Curry Can',4,9.00),('Sunday','2015-01-03','Fanta 500ml',2,6.50),('Sunday','2015-01-03','Coke 500ml',3,6.50),('Sunday','2015-01-03','Cream Soda 500ml',0,7.50),('Sunday','2015-01-03','Iwisa Pap 5kg',1,30.00),('Sunday','2015-01-03','Top Class Soy Mince',4,12.00),('Sunday','2015-01-03','Shampoo 1 litre',3,30.00),('Sunday','2015-01-03','Soap Bar',6,6.00),('Sunday','2015-01-03','Bananas - loose',4,2.00),('Sunday','2015-01-03','Apples - loose',5,2.00),('Sunday','2015-01-03','Mixed Sweets 5s',12,3.00);
/*!40000 ALTER TABLE `sales_csv` ENABLE KEYS */;
UNLOCK TABLES;

--
-- Table structure for table `stock_purchases_csv`
--

DROP TABLE IF EXISTS `stock_purchases_csv`;
/*!40101 SET @saved_cs_client     = @@character_set_client */;
/*!40101 SET character_set_client = utf8 */;
CREATE TABLE `stock_purchases_csv` (
  `shop` varchar(45) NOT NULL,
  `date` date NOT NULL,
  `item` varchar(45) NOT NULL,
  `quantity` int(11) NOT NULL,
  `cost` decimal(10,2) NOT NULL,
  `total_cost` decimal(10,2) NOT NULL
) ENGINE=InnoDB DEFAULT CHARSET=latin1;
/*!40101 SET character_set_client = @saved_cs_client */;

--
-- Dumping data for table `stock_purchases_csv`
--

LOCK TABLES `stock_purchases_csv` WRITE;
/*!40000 ALTER TABLE `stock_purchases_csv` DISABLE KEYS */;
INSERT INTO `stock_purchases_csv` VALUES ('Makro','2015-01-23','Chakalaka Can',3,7.00,21.00),('Makro','2015-01-23','Coke 500ml',3,3.50,10.50),('Makro','2015-01-23','Cream Soda 500ml',4,4.50,18.00),('Makro','2015-01-23','Fanta 500ml',2,4.50,9.00),('Makro','2015-01-23','Gold Dish Vegetable Curry Can',2,5.00,10.00),('Makro','2015-01-23','Imasi',1,17.00,17.00),('Makro','2015-01-23','Iwisa Pap 5kg',3,20.00,60.00),('Makro','2015-01-23','Milk 1l',4,7.00,28.00),('Makro','2015-01-23','Top Class Soy Mince',5,8.00,40.00),('Epping Market','2015-01-28','Bananas - loose',4,1.00,4.00),('Epping Market','2015-01-28','Apples - loose',10,1.50,15.00),('Epping Market','2015-01-28','Mixed Sweets 5s',60,3.00,180.00),('HomeMade','2015-01-28','Shampoo 1 litre',1,20.00,20.00),('HomeMade','2015-01-28','Soap Bar',3,3.00,9.00),('Makro','2015-01-28','Bread',30,9.00,270.00),('Makro','2015-01-28','Chakalaka Can',15,7.00,105.00),('Makro','2015-01-28','Coke 500ml',36,3.50,126.00),('Makro','2015-01-28','Cream Soda 500ml',24,4.50,108.00),('Makro','2015-01-28','Fanta 500ml',24,4.50,108.00),('Makro','2015-01-28','Gold Dish Vegetable Curry Can',15,5.00,75.00),('Makro','2015-01-28','Imasi',15,17.00,255.00),('Makro','2015-01-28','Iwisa Pap 5kg',15,20.00,300.00),('Makro','2015-01-28','Milk 1l',25,7.00,175.00),('Makro','2015-01-28','Top Class Soy Mince',10,8.00,80.00),('HomeMade','2015-02-02','Shampoo 1 litre',1,20.00,20.00),('HomeMade','2015-02-02','Soap Bar',3,3.00,9.00),('Epping Market','2015-02-03','Bananas - loose',12,1.00,12.00),('Epping Market','2015-02-03','Apples - loose',100,1.50,150.00),('Epping Market','2015-02-03','Mixed Sweets 5s',240,3.00,720.00),('HomeMade','2015-02-04','Shampoo 1 litre',2,20.00,40.00),('HomeMade','2015-02-04','Soap Bar',5,3.00,15.00),('Joe Spaza Shop','2015-02-04','Bread',4,11.00,44.00),('Joe Spaza Shop','2015-02-04','Imasi',4,24.00,96.00),('Epping Market','2015-02-06','Bananas - loose',8,1.00,8.00),('Epping Market','2015-02-06','Apples - loose',100,1.50,150.00),('Epping Market','2015-02-06','Mixed Sweets 5s',150,3.00,450.00),('HomeMade','2015-02-06','Soap Bar',5,3.00,15.00),('Makro','2015-02-06','Bread',30,9.00,270.00),('Makro','2015-02-06','Chakalaka Can',15,7.00,105.00),('Makro','2015-02-06','Coke 500ml',36,3.50,126.00),('Makro','2015-02-06','Cream Soda 500ml',18,4.50,81.00),('Makro','2015-02-06','Fanta 500ml',24,4.50,108.00),('Makro','2015-02-06','Gold Dish Vegetable Curry Can',15,5.00,75.00),('Makro','2015-02-06','Imasi',25,17.00,425.00),('Makro','2015-02-06','Iwisa Pap 5kg',5,20.00,100.00),('Makro','2015-02-06','Milk 1l',10,7.00,70.00),('Makro','2015-02-06','Top Class Soy Mince',10,8.00,80.00),('ChinaTown','2015-02-09','Rose (plastic)',20,10.00,200.00),('Joe Spaza Shop','2015-02-09','Milk 1l',3,9.50,28.50),('Epping Market','2015-02-10','Bananas - loose',4,1.00,4.00),('Epping Market','2015-02-10','Apples - loose',20,1.50,30.00),('Epping Market','2015-02-10','Mixed Sweets 5s',150,3.00,450.00),('Makro','2015-02-10','Bread',10,9.00,90.00),('Makro','2015-02-10','Chakalaka Can',15,7.00,105.00),('Makro','2015-02-10','Coke 500ml',18,3.50,63.00),('Makro','2015-02-10','Gold Dish Vegetable Curry Can',5,5.00,25.00),('Makro','2015-02-10','Heart Chocolates',20,25.00,500.00),('Makro','2015-02-10','Imasi',10,17.00,170.00),('Makro','2015-02-10','Iwisa Pap 5kg',5,20.00,100.00),('Makro','2015-02-10','Milk 1l',10,7.00,70.00),('Makro','2015-02-10','Top Class Soy Mince',15,8.00,120.00),('HomeMade','2015-02-11','Shampoo 1 litre',2,20.00,40.00),('HomeMade','2015-02-11','Valentine Cards',20,2.00,40.00),('Joe Spaza Shop','2015-02-12','Milk 1l',3,9.50,28.50),('Epping Market','2015-02-13','Bananas - loose',4,1.00,4.00),('Epping Market','2015-02-13','Mixed Sweets 5s',50,3.00,150.00),('HomeMade','2015-02-13','Shampoo 1 litre',3,20.00,60.00),('HomeMade','2015-02-13','Soap Bar',5,3.00,15.00),('Joe Spaza Shop','2015-02-13','Gold Dish Vegetable Curry Can',5,8.50,42.50),('Makro','2015-02-13','Bread',5,9.00,45.00),('Makro','2015-02-13','Coke 500ml',12,3.50,42.00),('Makro','2015-02-13','Fanta 500ml',12,4.50,54.00),('Makro','2015-02-13','Imasi',20,17.00,340.00),('Makro','2015-02-13','Milk 1l',15,7.00,105.00),('Makro','2015-02-13','Top Class Soy Mince',5,8.00,40.00),('HomeMade','2015-02-14','Shampoo 1 litre',1,20.00,20.00),('Joe Spaza Shop','2015-02-14','Gold Dish Vegetable Curry Can',2,8.50,17.00),('Joe Spaza Shop','2015-02-16','Chakalaka Can',2,8.50,17.00),('Joe Spaza Shop','2015-02-16','Cream Soda 500ml',2,7.50,15.00),('Joe Spaza Shop','2015-02-16','Fanta 500ml',1,6.50,6.50),('Joe Spaza Shop','2015-02-16','Gold Dish Vegetable Curry Can',2,8.50,17.00),('Joe Spaza Shop','2015-02-16','Iwisa Pap 5kg',1,30.00,30.00),('Joe Spaza Shop','2015-02-16','Milk 1l',6,9.50,57.00),('Epping Market','2015-02-17','Apples - loose',60,1.50,90.00),('Epping Market','2015-02-17','Mixed Sweets 5s',12,3.00,36.00),('Makro','2015-02-17','Bread',15,9.00,135.00),('Makro','2015-02-17','Chakalaka Can',10,7.00,70.00),('Makro','2015-02-17','Coke 500ml',24,3.50,84.00),('Makro','2015-02-17','Cream Soda 500ml',12,4.50,54.00),('Makro','2015-02-17','Fanta 500ml',12,4.50,54.00),('Makro','2015-02-17','Gold Dish Vegetable Curry Can',10,5.00,50.00),('Makro','2015-02-17','Imasi',15,17.00,255.00),('Makro','2015-02-17','Iwisa Pap 5kg',5,20.00,100.00),('Makro','2015-02-17','Milk 1l',15,7.00,105.00),('Makro','2015-02-17','Top Class Soy Mince',5,8.00,40.00),('HomeMade','2015-02-18','Shampoo 1 litre',1,20.00,20.00),('HomeMade','2015-02-18','Soap Bar',5,3.00,15.00),('HomeMade','2015-02-19','Shampoo 1 litre',2,20.00,40.00),('Joe Spaza Shop','2015-02-19','Milk 1l',1,9.50,9.50),('Epping Market','2015-02-20','Bananas - loose',20,1.00,20.00),('Epping Market','2015-02-20','Apples - loose',90,1.50,135.00),('Epping Market','2015-02-20','Mixed Sweets 5s',20,3.00,60.00),('HomeMade','2015-02-20','Shampoo 1 litre',2,20.00,40.00),('HomeMade','2015-02-20','Soap Bar',3,3.00,9.00),('Makro','2015-02-20','Bread',10,9.00,90.00),('Makro','2015-02-20','Imasi',10,17.00,170.00),('Makro','2015-02-20','Iwisa Pap 5kg',5,20.00,100.00),('Makro','2015-02-20','Milk 1l',15,7.00,105.00),('Makro','2015-02-20','Top Class Soy Mince',10,8.00,80.00),('Joe Spaza Shop','2015-02-23','Chakalaka Can',3,9.00,27.00),('Epping Market','2015-02-24','Bananas - loose',10,1.00,10.00),('Epping Market','2015-02-24','Apples - loose',90,1.50,135.00),('Epping Market','2015-02-24','Mixed Sweets 5s',8,3.00,24.00),('Makro','2015-02-24','Bread',15,9.00,135.00),('Makro','2015-02-24','Chakalaka Can',10,7.00,70.00),('Makro','2015-02-24','Coke 500ml',18,3.50,63.00),('Makro','2015-02-24','Cream Soda 500ml',6,4.50,27.00),('Makro','2015-02-24','Fanta 500ml',6,4.50,27.00),('Makro','2015-02-24','Gold Dish Vegetable Curry Can',10,5.00,50.00),('Makro','2015-02-24','Imasi',15,17.00,255.00),('Makro','2015-02-24','Milk 1l',20,7.00,140.00),('Makro','2015-02-24','Top Class Soy Mince',15,8.00,120.00),('HomeMade','2015-02-25','Soap Bar',5,3.00,15.00),('HomeMade','2015-02-26','Shampoo 1 litre',2,20.00,40.00),('HomeMade','2015-02-26','Soap Bar',5,3.00,15.00),('Joe Spaza Shop','2015-02-26','Bread',1,11.00,11.00),('Joe Spaza Shop','2015-02-26','Fanta 500ml',2,6.50,13.00),('Joe Spaza Shop','2015-02-26','Gold Dish Vegetable Curry Can',1,8.50,8.50),('Joe Spaza Shop','2015-02-26','Iwisa Pap 5kg',1,30.00,30.00),('Epping Market','2015-02-27','Bananas - loose',10,1.00,10.00),('Epping Market','2015-02-27','Apples - loose',60,1.50,90.00),('HomeMade','2015-02-27','Shampoo 1 litre',5,20.00,100.00),('HomeMade','2015-02-27','Soap Bar',5,3.00,15.00),('Makro','2015-02-27','Bread',20,9.00,180.00),('Makro','2015-02-27','Chakalaka Can',15,7.00,105.00),('Makro','2015-02-27','Coke 500ml',24,3.50,84.00),('Makro','2015-02-27','Cream Soda 500ml',12,4.50,54.00),('Makro','2015-02-27','Fanta 500ml',12,4.50,54.00),('Makro','2015-02-27','Gold Dish Vegetable Curry Can',15,5.00,75.00),('Makro','2015-02-27','Imasi',15,17.00,255.00),('Makro','2015-02-27','Iwisa Pap 5kg',10,20.00,200.00),('Makro','2015-02-27','Milk 1l',20,7.00,140.00),('Makro','2015-02-27','Top Class Soy Mince',15,8.00,120.00),('HomeMade','2015-02-28','Shampoo 1 litre',2,20.00,40.00),('HomeMade','2015-02-28','Soap Bar',3,3.00,9.00),('Joe Spaza Shop','2015-02-28','Chakalaka Can',3,8.50,25.50),('Joe Spaza Shop','2015-02-28','Gold Dish Vegetable Curry Can',2,8.50,17.00),('Joe Spaza Shop','2015-02-28','Top Class Soy Mince',5,11.00,55.00),('HomeMade','2015-03-01','Shampoo 1 litre',2,20.00,40.00),('HomeMade','2015-03-01','Soap Bar',5,3.00,15.00),('Joe Spaza Shop','2015-03-01','Chakalaka Can',3,8.50,25.50),('Joe Spaza Shop','2015-03-01','Gold Dish Vegetable Curry Can',2,8.50,17.00),('Joe Spaza Shop','2015-03-01','Top Class Soy Mince',3,11.00,33.00);
/*!40000 ALTER TABLE `stock_purchases_csv` ENABLE KEYS */;
UNLOCK TABLES;

--
-- Table structure for table `suppliers`
--

DROP TABLE IF EXISTS `suppliers`;
/*!40101 SET @saved_cs_client     = @@character_set_client */;
/*!40101 SET character_set_client = utf8 */;
CREATE TABLE `suppliers` (
  `id` int(11) NOT NULL AUTO_INCREMENT,
  `shop` varchar(20) DEFAULT NULL,
  `date` date DEFAULT NULL,
  `item` varchar(20) DEFAULT NULL,
  `qty` int(11) DEFAULT NULL,
  `cost` decimal(10,0) DEFAULT NULL,
  `total_cost` decimal(10,0) DEFAULT NULL,
  PRIMARY KEY (`id`)
) ENGINE=InnoDB AUTO_INCREMENT=154 DEFAULT CHARSET=latin1;
/*!40101 SET character_set_client = @saved_cs_client */;

--
-- Dumping data for table `suppliers`
--

LOCK TABLES `suppliers` WRITE;
/*!40000 ALTER TABLE `suppliers` DISABLE KEYS */;
INSERT INTO `suppliers` VALUES (1,'Makro','2015-01-23','Chakalaka Can',3,7,21),(2,'Makro','2015-01-23','Coke 500ml',3,4,11),(3,'Makro','2015-01-23','Cream Soda 500ml',4,5,18),(4,'Makro','2015-01-23','Fanta 500ml',2,5,9),(5,'Makro','2015-01-23','Gold Dish Vegetable ',2,5,10),(6,'Makro','2015-01-23','Imasi',1,17,17),(7,'Makro','2015-01-23','Iwisa Pap 5kg',3,20,60),(8,'Makro','2015-01-23','Milk 1l',4,7,28),(9,'Makro','2015-01-23','Top Class Soy Mince',5,8,40),(10,'Epping Market','2015-01-28','Bananas - loose',4,1,4),(11,'Epping Market','2015-01-28','Apples - loose',10,2,15),(12,'Epping Market','2015-01-28','Mixed Sweets 5s',60,3,180),(13,'HomeMade','2015-01-28','Shampoo 1 litre',1,20,20),(14,'HomeMade','2015-01-28','Soap Bar',3,3,9),(15,'Makro','2015-01-28','Bread',30,9,270),(16,'Makro','2015-01-28','Chakalaka Can',15,7,105),(17,'Makro','2015-01-28','Coke 500ml',36,4,126),(18,'Makro','2015-01-28','Cream Soda 500ml',24,5,108),(19,'Makro','2015-01-28','Fanta 500ml',24,5,108),(20,'Makro','2015-01-28','Gold Dish Vegetable ',15,5,75),(21,'Makro','2015-01-28','Imasi',15,17,255),(22,'Makro','2015-01-28','Iwisa Pap 5kg',15,20,300),(23,'Makro','2015-01-28','Milk 1l',25,7,175),(24,'Makro','2015-01-28','Top Class Soy Mince',10,8,80),(25,'HomeMade','2015-02-02','Shampoo 1 litre',1,20,20),(26,'HomeMade','2015-02-02','Soap Bar',3,3,9),(27,'Epping Market','2015-02-03','Bananas - loose',12,1,12),(28,'Epping Market','2015-02-03','Apples - loose',100,2,150),(29,'Epping Market','2015-02-03','Mixed Sweets 5s',240,3,720),(30,'HomeMade','2015-02-04','Shampoo 1 litre',2,20,40),(31,'HomeMade','2015-02-04','Soap Bar',5,3,15),(32,'Joe Spaza Shop','2015-02-04','Bread',4,11,44),(33,'Joe Spaza Shop','2015-02-04','Imasi',4,24,96),(34,'Epping Market','2015-02-06','Bananas - loose',8,1,8),(35,'Epping Market','2015-02-06','Apples - loose',100,2,150),(36,'Epping Market','2015-02-06','Mixed Sweets 5s',150,3,450),(37,'HomeMade','2015-02-06','Soap Bar',5,3,15),(38,'Makro','2015-02-06','Bread',30,9,270),(39,'Makro','2015-02-06','Chakalaka Can',15,7,105),(40,'Makro','2015-02-06','Coke 500ml',36,4,126),(41,'Makro','2015-02-06','Cream Soda 500ml',18,5,81),(42,'Makro','2015-02-06','Fanta 500ml',24,5,108),(43,'Makro','2015-02-06','Gold Dish Vegetable ',15,5,75),(44,'Makro','2015-02-06','Imasi',25,17,425),(45,'Makro','2015-02-06','Iwisa Pap 5kg',5,20,100),(46,'Makro','2015-02-06','Milk 1l',10,7,70),(47,'Makro','2015-02-06','Top Class Soy Mince',10,8,80),(48,'ChinaTown','2015-02-09','Rose (plastic)',20,10,200),(49,'Joe Spaza Shop','2015-02-09','Milk 1l',3,10,29),(50,'Epping Market','2015-02-10','Bananas - loose',4,1,4),(51,'Epping Market','2015-02-10','Apples - loose',20,2,30),(52,'Epping Market','2015-02-10','Mixed Sweets 5s',150,3,450),(53,'Makro','2015-02-10','Bread',10,9,90),(54,'Makro','2015-02-10','Chakalaka Can',15,7,105),(55,'Makro','2015-02-10','Coke 500ml',18,4,63),(56,'Makro','2015-02-10','Gold Dish Vegetable ',5,5,25),(57,'Makro','2015-02-10','Heart Chocolates',20,25,500),(58,'Makro','2015-02-10','Imasi',10,17,170),(59,'Makro','2015-02-10','Iwisa Pap 5kg',5,20,100),(60,'Makro','2015-02-10','Milk 1l',10,7,70),(61,'Makro','2015-02-10','Top Class Soy Mince',15,8,120),(62,'HomeMade','2015-02-11','Shampoo 1 litre',2,20,40),(63,'HomeMade','2015-02-11','Valentine Cards',20,2,40),(64,'Joe Spaza Shop','2015-02-12','Milk 1l',3,10,29),(65,'Epping Market','2015-02-13','Bananas - loose',4,1,4),(66,'Epping Market','2015-02-13','Mixed Sweets 5s',50,3,150),(67,'HomeMade','2015-02-13','Shampoo 1 litre',3,20,60),(68,'HomeMade','2015-02-13','Soap Bar',5,3,15),(69,'Joe Spaza Shop','2015-02-13','Gold Dish Vegetable ',5,9,43),(70,'Makro','2015-02-13','Bread',5,9,45),(71,'Makro','2015-02-13','Coke 500ml',12,4,42),(72,'Makro','2015-02-13','Fanta 500ml',12,5,54),(73,'Makro','2015-02-13','Imasi',20,17,340),(74,'Makro','2015-02-13','Milk 1l',15,7,105),(75,'Makro','2015-02-13','Top Class Soy Mince',5,8,40),(76,'HomeMade','2015-02-14','Shampoo 1 litre',1,20,20),(77,'Joe Spaza Shop','2015-02-14','Gold Dish Vegetable ',2,9,17),(78,'Joe Spaza Shop','2015-02-16','Chakalaka Can',2,9,17),(79,'Joe Spaza Shop','2015-02-16','Cream Soda 500ml',2,8,15),(80,'Joe Spaza Shop','2015-02-16','Fanta 500ml',1,7,7),(81,'Joe Spaza Shop','2015-02-16','Gold Dish Vegetable ',2,9,17),(82,'Joe Spaza Shop','2015-02-16','Iwisa Pap 5kg',1,30,30),(83,'Joe Spaza Shop','2015-02-16','Milk 1l',6,10,57),(84,'Epping Market','2015-02-17','Apples - loose',60,2,90),(85,'Epping Market','2015-02-17','Mixed Sweets 5s',12,3,36),(86,'Makro','2015-02-17','Bread',15,9,135),(87,'Makro','2015-02-17','Chakalaka Can',10,7,70),(88,'Makro','2015-02-17','Coke 500ml',24,4,84),(89,'Makro','2015-02-17','Cream Soda 500ml',12,5,54),(90,'Makro','2015-02-17','Fanta 500ml',12,5,54),(91,'Makro','2015-02-17','Gold Dish Vegetable ',10,5,50),(92,'Makro','2015-02-17','Imasi',15,17,255),(93,'Makro','2015-02-17','Iwisa Pap 5kg',5,20,100),(94,'Makro','2015-02-17','Milk 1l',15,7,105),(95,'Makro','2015-02-17','Top Class Soy Mince',5,8,40),(96,'HomeMade','2015-02-18','Shampoo 1 litre',1,20,20),(97,'HomeMade','2015-02-18','Soap Bar',5,3,15),(98,'HomeMade','2015-02-19','Shampoo 1 litre',2,20,40),(99,'Joe Spaza Shop','2015-02-19','Milk 1l',1,10,10),(100,'Epping Market','2015-02-20','Bananas - loose',20,1,20),(101,'Epping Market','2015-02-20','Apples - loose',90,2,135),(102,'Epping Market','2015-02-20','Mixed Sweets 5s',20,3,60),(103,'HomeMade','2015-02-20','Shampoo 1 litre',2,20,40),(104,'HomeMade','2015-02-20','Soap Bar',3,3,9),(105,'Makro','2015-02-20','Bread',10,9,90),(106,'Makro','2015-02-20','Imasi',10,17,170),(107,'Makro','2015-02-20','Iwisa Pap 5kg',5,20,100),(108,'Makro','2015-02-20','Milk 1l',15,7,105),(109,'Makro','2015-02-20','Top Class Soy Mince',10,8,80),(110,'Joe Spaza Shop','2015-02-23','Chakalaka Can',3,9,27),(111,'Epping Market','2015-02-24','Bananas - loose',10,1,10),(112,'Epping Market','2015-02-24','Apples - loose',90,2,135),(113,'Epping Market','2015-02-24','Mixed Sweets 5s',8,3,24),(114,'Makro','2015-02-24','Bread',15,9,135),(115,'Makro','2015-02-24','Chakalaka Can',10,7,70),(116,'Makro','2015-02-24','Coke 500ml',18,4,63),(117,'Makro','2015-02-24','Cream Soda 500ml',6,5,27),(118,'Makro','2015-02-24','Fanta 500ml',6,5,27),(119,'Makro','2015-02-24','Gold Dish Vegetable ',10,5,50),(120,'Makro','2015-02-24','Imasi',15,17,255),(121,'Makro','2015-02-24','Milk 1l',20,7,140),(122,'Makro','2015-02-24','Top Class Soy Mince',15,8,120),(123,'HomeMade','2015-02-25','Soap Bar',5,3,15),(124,'HomeMade','2015-02-26','Shampoo 1 litre',2,20,40),(125,'HomeMade','2015-02-26','Soap Bar',5,3,15),(126,'Joe Spaza Shop','2015-02-26','Bread',1,11,11),(127,'Joe Spaza Shop','2015-02-26','Fanta 500ml',2,7,13),(128,'Joe Spaza Shop','2015-02-26','Gold Dish Vegetable ',1,9,9),(129,'Joe Spaza Shop','2015-02-26','Iwisa Pap 5kg',1,30,30),(130,'Epping Market','2015-02-27','Bananas - loose',10,1,10),(131,'Epping Market','2015-02-27','Apples - loose',60,2,90),(132,'HomeMade','2015-02-27','Shampoo 1 litre',5,20,100),(133,'HomeMade','2015-02-27','Soap Bar',5,3,15),(134,'Makro','2015-02-27','Bread',20,9,180),(135,'Makro','2015-02-27','Chakalaka Can',15,7,105),(136,'Makro','2015-02-27','Coke 500ml',24,4,84),(137,'Makro','2015-02-27','Cream Soda 500ml',12,5,54),(138,'Makro','2015-02-27','Fanta 500ml',12,5,54),(139,'Makro','2015-02-27','Gold Dish Vegetable ',15,5,75),(140,'Makro','2015-02-27','Imasi',15,17,255),(141,'Makro','2015-02-27','Iwisa Pap 5kg',10,20,200),(142,'Makro','2015-02-27','Milk 1l',20,7,140),(143,'Makro','2015-02-27','Top Class Soy Mince',15,8,120),(144,'HomeMade','2015-02-28','Shampoo 1 litre',2,20,40),(145,'HomeMade','2015-02-28','Soap Bar',3,3,9),(146,'Joe Spaza Shop','2015-02-28','Chakalaka Can',3,9,26),(147,'Joe Spaza Shop','2015-02-28','Gold Dish Vegetable ',2,9,17),(148,'Joe Spaza Shop','2015-02-28','Top Class Soy Mince',5,11,55),(149,'HomeMade','2015-03-01','Shampoo 1 litre',2,20,40),(150,'HomeMade','2015-03-01','Soap Bar',5,3,15),(151,'Joe Spaza Shop','2015-03-01','Chakalaka Can',3,9,26),(152,'Joe Spaza Shop','2015-03-01','Gold Dish Vegetable ',2,9,17),(153,'Joe Spaza Shop','2015-03-01','Top Class Soy Mince',3,11,33);
/*!40000 ALTER TABLE `suppliers` ENABLE KEYS */;
UNLOCK TABLES;
/*!40103 SET TIME_ZONE=@OLD_TIME_ZONE */;

/*!40101 SET SQL_MODE=@OLD_SQL_MODE */;
/*!40014 SET FOREIGN_KEY_CHECKS=@OLD_FOREIGN_KEY_CHECKS */;
/*!40014 SET UNIQUE_CHECKS=@OLD_UNIQUE_CHECKS */;
/*!40101 SET CHARACTER_SET_CLIENT=@OLD_CHARACTER_SET_CLIENT */;
/*!40101 SET CHARACTER_SET_RESULTS=@OLD_CHARACTER_SET_RESULTS */;
/*!40101 SET COLLATION_CONNECTION=@OLD_COLLATION_CONNECTION */;
/*!40111 SET SQL_NOTES=@OLD_SQL_NOTES */;

-- Dump completed on 2015-07-01 11:15:24
